,ID,Origin,Destination,month,day,nadults,Budget,price_min,timestamp,num_children,label
0,U2709166N,Alexandria,Hiroshima,8,15,1,6700,1,1472657834,1,1
1,U2709166N,Alexandria,Hiroshima,8,15,1,1800,2000,1472658012,1,1
2,U2709166N,Alexandria,Hiroshima,8,15,1,3200,13000,1472658046,1,1
3,U2709166N,Alexandria,Phoenix,8,15,1,5800,13000,1472658095,1,2
4,U2709166N,Alexandria,Phoenix,8,15,1,1800,8000,1472658099,1,2
5,U2709166N,Alexandria,Phoenix,8,15,1,1800,5000,1472658123,1,2
6,U22K1SX9N,Baltimore,Fukuoka,8,25,4,3900,3000,1471530362,40,3
7,U22K1SX9N,Baltimore,Las Vegas,8,25,4,3900,3000,1471530346,40,4
8,U22K1SX9N,Barcelona,Curitiba,9,1,1,3700,4000,1473371651,1,5
9,U22K1SX9N,Barcelona,Curitiba,9,1,1,3700,8000,1473371656,7,5
10,U22K1SX9N,Barcelona,Curitiba,9,1,1,3700,4000,1473371651,1,5
11,U22K1SX9N,Barcelona,Curitiba,9,1,1,3700,8000,1473371656,7,5
12,U22K1SX9N,Barcelona,Kochi,9,1,1,3700,13000,1473371105,1,6
13,U22K1SX9N,Barcelona,Kochi,9,1,1,3700,4000,1473371365,1,6
14,U22K1SX9N,Barcelona,Kochi,9,1,1,3700,4000,1473371365,1,6
15,U22K1SX9N,Barcelona,La Paz,9,1,1,3600,2000,1473370974,1,7
16,U22K1SX9N,Barcelona,Lima,9,1,1,3600,1,1473370939,1,8
17,U22K1SX9N,Barcelona,Lima,9,1,1,3600,13000,1473370974,1,8
18,U22K1SX9N,Barcelona,Toronto,9,1,1,3700,3000,1473371118,1,9
19,U22K1SX9N,Barcelona,hiroshima,9,1,1,3700,4000,1473371146,1,10
20,U2709166N,Beijing,Madrid,9,6,1,15900,1,1473447545,11,11
21,U2709166N,Beijing,Madrid,9,6,1,7300,2000,1473447545,11,11
22,U22K1SX9N,Beijing,Toronto,8,15,1,5800,1,1472226619,1,12
23,U22K1SX9N,Beijing,indianapolis,8,15,2,5800,3000,1472228870,1,13
24,U2709166N,Belem,New York,8,19,1,16600,1000,1471468088,3,14
25,U2709166N,Belem,New York,8,19,1,16600,2000,1471468111,40,14
26,U2709166N,Belem,New York,8,19,1,5600,3000,1471468123,40,14
27,U2709166N,Belem,New York,8,19,1,6100,1000,1471468599,4,14
28,U2709166N,Belem,New York,8,19,1,6100,1000,1471468599,4,14
29,U2709166N,Belem,Tijuana,8,19,1,16600,10000,1471467660,7,15
30,U2709166N,Belem,Tijuana,8,19,1,16600,2500,1471467676,3,15
31,U260BGVS6,Belo Horizonte,Barcelona,9,12,1,5800,3213,1473457684,0,16
32,U260BGVS6,Belo Horizonte,Barcelona,9,12,1,5800,3213,1473457684,0,16
33,U260BGVS6,Belo Horizonte,Barcelona,9,12,1,5800,3213,1473457684,0,16
34,U22K1SX9N,Belo Horizonte,Maceio,9,1,1,54700,10000,1473195593,7,17
35,U260BGVS6,Belo Horizonte,San Antoni,9,12,1,14000,4000,1473457075,7,18
36,U260BGVS6,Belo Horizonte,San Antonio,9,12,1,14000,4000,1473457081,7,19
37,U260BGVS6,Belo Horizonte,San Antonio,9,12,1,16400,4000,1473457104,7,19
38,U260BGVS6,Belo Horizonte,San Antonio,9,12,1,2300,8000,1473457107,7,19
39,U260BGVS6,Belo Horizonte,San Antonio,9,12,1,3700,7000,1473457145,7,19
40,U24V2QUKC,Belo Horizonte,rome,8,31,1,23300,3200,1471880152,7,20
41,U22K1SX9N,Berlin,Naples,8,27,15,6100,1000,1471465352,4,21
42,U22K1SX9N,Berlin,Naples,8,27,15,6100,1000,1471465352,4,21
43,U22K1SX9N,Berlin,Naples,8,27,15,6100,1000,1471465352,4,21
44,U22K1SX9N,Brasilia,Baltimore,9,2,1,2400,7000,1472160081,5,22
45,U24V2QUKC,Brasilia,Essen,8,31,2,1100,9000,1472762256,1,23
46,U22K1SX9N,Brasilia,Milan,9,2,1,2400,1,1472159724,5,24
47,U24V2QUKC,Brasilia,San Diego,8,31,2,13800,10000,1472762233,1,25
48,U22K1SX9N,Brasilia,Vitoria,9,2,1,2400,3000,1472159922,5,26
49,U24V2QUKC,Brasilia,kobe,8,31,2,2500,8000,1472762302,1,27
50,U24V2QUKC,Brasilia,kobe,8,31,2,2500,7000,1472762316,1,27
51,U24V2QUKC,Brasilia,kobe,8,31,2,2500,6000,1472762328,1,27
52,U24V2QUKC,Brasilia,kobe,8,31,2,2500,7000,1472762337,1,27
53,U24V2QUKC,Brasilia,kobe,8,31,2,2500,8000,1472762302,1,27
54,U24V2QUKC,Brasilia,kobe,8,31,2,2500,7000,1472762316,1,27
55,U24V2QUKC,Brasilia,kobe,8,31,2,2500,6000,1472762328,1,27
56,U24V2QUKC,Brasilia,kobe,8,31,2,2500,7000,1472762337,1,27
57,U21RP4FCY,Buenos Aires,Alexandria,8,27,1,4000,4000,1471617935,14,28
58,U21RP4FCY,Buenos Aires,Alexandria,8,27,1,4000,5000,1471617936,14,28
59,U21RP4FCY,Buenos Aires,Alexandria,8,27,1,4000,2500,1471617936,2,28
60,U21RP4FCY,Buenos Aires,Alexandria,8,27,1,18600,2500,1471617935,2,28
61,U21RP4FCY,Buenos Aires,Alexandria,8,27,1,18600,3000,1471617936,2,28
62,U21RP4FCY,Buenos Aires,Alexandria,8,27,1,18600,0,1471617936,2,28
63,U231PNNA3,Buenos Aires,Pittsburgh,8,24,1,2700,3000,1471641004,1,29
64,U231PNNA3,Buenos Aires,Pittsburgh,8,24,1,6000,6000,1471641018,1,29
65,U231PNNA3,Buenos Aires,Pittsburgh,8,24,1,5600,6000,1471641033,2,29
66,U231PNNA3,Buenos Aires,Pittsburgh,8,24,1,5600,6000,1471641048,2,29
67,U231PNNA3,Buenos Aires,Pittsburgh,8,24,1,5600,6000,1471641064,40,29
68,U21RP4FCY,Buenos Aires,Rome,8,27,1,5000,2000,1471617730,14,30
69,U2AMZ8TLK,Buenos Aires,San Juan,9,26,1,2600,1,1473709187,4,31
70,U22K1SX9N,Burlington,San Juan,8,15,1,2000,9000,1472842547,5,32
71,U23KPC9QV,Burlington,Tofino,8,1,7,2200,2500,1471899685,1,33
72,U23KPC9QV,Burlington,Tofino,8,1,7,2500,1800,1471899832,2,33
73,U22K1SX9N,Burlington,Toluca,8,1,1,2600,1,1473189772,7,34
74,U22K1SX9N,Burlington,Toluca,8,1,1,2900,2000,1473189837,7,34
75,U24V2QUKC,Busan,Fort Lauderdale,8,31,1,1200,7000,1472670284,1,35
76,U24V2QUKC,Busan,Kingston,8,31,1,3800,8000,1472670054,1,36
77,U24V2QUKC,Busan,Long Beach,8,31,1,2600,10000,1472669173,6,37
78,U24V2QUKC,Busan,San Juan,8,31,1,2600,9000,1472669799,1,38
79,U24V2QUKC,Cairo,Porto Alegre,8,15,2,3800,9000,1472585554,1,39
80,U24V2QUKC,Cairo,Porto Alegre,8,15,2,1200,7000,1472585714,1,39
81,U24V2QUKC,Cairo,Porto Alegre,8,15,2,3800,9000,1472585554,1,39
82,U24V2QUKC,Cairo,Porto Alegre,8,15,2,1200,7000,1472585714,1,39
83,U260BGVS6,Calgary,Frankfurt,8,30,2,2400,13000,1472571610,2,40
84,U260BGVS6,Calgary,Punta Cana,8,30,2,2400,1,1472571317,7,41
85,U260BGVS6,Calgary,Rosario,8,30,2,2400,3000,1472571502,2,42
86,U231PNNA3,Campinas,porto,8,25,2,4000,500,1471984783,2,43
87,U231PNNA3,Campinas,porto,8,25,2,4000,7000,1471984790,2,43
88,U231PNNA3,Campinas,porto alegre,8,25,2,4000,1800,1471984826,2,44
89,U231PNNA3,Campinas,san juan,8,25,2,4000,5000,1471984238,2,45
90,U22K1SX9N,Cleveland,Atlanta,9,7,1,5200,13000,1473345556,2,46
91,U22K1SX9N,Cleveland,Campinas,9,7,1,5200,2000,1473345051,2,47
92,U22HTHYNP,Cleveland,Milan,8,20,3,3000,0,1471358012,3,48
93,U22HTHYNP,Cleveland,Milan,8,20,3,3000,0,1471358072,1,48
94,U22HTHYNP,Cleveland,Milan,8,20,3,5400,0,1471358161,3,48
95,U22K1SX9N,Cleveland,Minneapolis,9,7,1,0,1,1473345020,7,49
96,U22HTHYNP,Cleveland,Pittsburgh,8,20,3,5400,0,1471358233,11,50
97,U22K1SX9N,Cleveland,Rio de Janeiro,9,7,1,5200,13000,1473345308,2,51
98,U260BGVS6,Columbus,Essen,9,24,6,16400,4000,1473446434,7,52
99,U2709166N,Columbus,Los Angeles,9,7,1,1200,10000,1473283532,7,53
100,U260BGVS6,Curitiba,Hiroshima,9,24,1,7300,3000,1473447777,7,54
101,U260BGVS6,Curitiba,Sao Paulo,9,24,1,7300,13000,1473447330,7,55
102,U260BGVS6,Curitiba,Sao Paulo,9,24,1,7300,4000,1473448488,7,55
103,U23KPC9QV,Fort Lauderdale,essen,8,1,1,1200,3200,1471902949,5,56
104,U231PNNA3,Fortaleza,Detroit,9,26,1,2600,2000,1473709133,4,57
105,U231PNNA3,Fortaleza,Santo Domingo,9,26,1,2600,13000,1473709340,4,58
106,U22K1SX9N,Fukuoka,Atlanta,9,6,1,2900,13000,1473198035,12,59
107,U22K1SX9N,Fukuoka,La Paz,9,6,1,2200,8000,1473198094,12,60
108,U24V2QUKC,Guadalajara,Cairo,8,15,7,7400,3213,1472841258,0,61
109,U24V2QUKC,Guadalajara,Cairo,8,15,7,7400,3213,1472841258,0,61
110,U24V2QUKC,Guadalajara,Detoit,8,15,7,7400,4000,1472841246,5,62
111,U24V2QUKC,Guadalajara,Detoit,8,15,7,7400,4000,1472841246,5,62
112,U24V2QUKC,Guadalajara,Santo Domingo,8,15,7,7400,8000,1472841165,5,63
113,U24V2QUKC,Guadalajara,Santo Domingo,8,15,7,7400,7000,1472841197,5,63
114,U24V2QUKC,Guadalajara,Santo Domingo,8,15,7,7400,6000,1472841165,5,63
115,U24V2QUKC,Guadalajara,Santo Domingo,8,15,7,7400,7000,1472841197,5,63
116,U24V2QUKC,Guadalajara,Santo Domingo,8,15,7,7400,7000,1472841197,5,63
117,U24V2QUKC,Guadalajara,Santo Domingo,8,15,7,7400,6000,1472841165,5,63
118,U24V2QUKC,Guadalajara,Santo Domingo,8,15,7,7400,7000,1472841197,5,63
119,U24V2QUKC,Guadalajara,St. Louis,8,15,7,7400,1000,1472841218,5,64
120,U24V2QUKC,Guadalajara,St. Louis,8,15,7,7400,1000,1472841218,5,64
121,U2709166N,Houston,Manaus,9,1,3,3600,13000,1473457627,5,65
122,U2709166N,Houston,Milan,9,1,3,3600,1,1473457249,5,66
123,U2709166N,Houston,Milan,9,1,3,3600,2000,1473457276,5,66
124,U2AMZ8TLK,Houston,New York,8,13,1,4500,1000,1473175165,7,67
125,U2AMZ8TLK,Houston,New York,8,13,1,4500,4000,1473175171,7,67
126,U2AMZ8TLK,Houston,New York,8,13,1,4500,3213,1473175343,7,67
127,U2AMZ8TLK,Houston,New York,9,13,1,4500,1000,1473175165,7,67
128,U2AMZ8TLK,Houston,New York,9,13,1,4500,4000,1473175171,7,67
129,U2AMZ8TLK,Houston,New York,9,13,1,4500,3213,1473175343,7,67
130,U2AMZ8TLK,Houston,New York,9,13,1,4500,1000,1473175165,7,67
131,U2AMZ8TLK,Houston,New York,9,13,1,4500,4000,1473175171,7,67
132,U2AMZ8TLK,Houston,New York,9,13,1,4500,3213,1473175343,7,67
133,U2AMZ8TLK,Houston,New York,9,13,1,4500,1000,1473175165,7,67
134,U2AMZ8TLK,Houston,New York,9,13,1,4500,4000,1473175171,7,67
135,U2AMZ8TLK,Houston,New York,9,13,1,4500,3213,1473175343,7,67
136,U2AMZ8TLK,Houston,New York,9,13,1,4500,4000,1473175171,7,67
137,U2AMZ8TLK,Houston,New York,9,13,1,4500,3213,1473175343,7,67
138,U22K1SX9N,Houston,Puebla,9,8,1,3100,3000,1472244399,3,68
139,U22K1SX9N,Houston,Punta Cana,9,8,1,3100,1,1472244253,3,69
140,U2AMZ8TLK,Houston,Rio de Janeiro,8,13,1,4500,10000,1473174956,7,70
141,U2AMZ8TLK,Houston,Rio de Janeiro,8,13,1,4500,9000,1473174962,7,70
142,U2AMZ8TLK,Houston,Rio de Janeiro,8,13,1,4500,8000,1473174965,7,70
143,U2AMZ8TLK,Houston,Rio de Janeiro,8,13,1,7400,7000,1473174969,7,70
144,U2AMZ8TLK,Houston,Rio de Janeiro,8,13,1,7400,6000,1473174986,5,70
145,U2AMZ8TLK,Houston,Rio de Janeiro,8,13,1,4500,7000,1473174992,5,70
146,U2AMZ8TLK,Houston,Rio de Janeiro,8,13,1,4500,8000,1473174965,7,70
147,U2AMZ8TLK,Houston,Rio de Janeiro,9,13,1,7400,7000,1473174969,7,70
148,U2AMZ8TLK,Houston,Rio de Janeiro,9,13,1,7400,6000,1473174986,5,70
149,U2AMZ8TLK,Houston,Rio de Janeiro,9,13,1,4500,7000,1473174992,5,70
150,U2AMZ8TLK,Houston,Rio de Janeiro,9,13,1,4500,8000,1473174965,7,70
151,U2AMZ8TLK,Houston,Rio de Janeiro,9,13,1,7400,7000,1473174969,7,70
152,U2AMZ8TLK,Houston,Rio de Janeiro,9,13,1,7400,6000,1473174986,5,70
153,U2AMZ8TLK,Houston,Rio de Janeiro,9,13,1,4500,7000,1473174992,5,70
154,U2AMZ8TLK,Houston,Rio de Janeiro,9,13,1,4500,8000,1473174965,7,70
155,U2AMZ8TLK,Houston,Rio de Janeiro,9,13,1,7400,7000,1473174969,7,70
156,U2AMZ8TLK,Houston,Rio de Janeiro,9,13,1,7400,6000,1473174986,5,70
157,U2AMZ8TLK,Houston,Rio de Janeiro,9,13,1,4500,7000,1473174992,5,70
158,U2709166N,Houston,San Juan,9,1,3,3600,13000,1473457389,5,71
159,U22K1SX9N,Houston,ulsan,9,8,1,3100,7000,1472244711,3,72
160,U24V2QUKC,Jerusalem,Madrid,8,24,10,3000,400,1472144671,5,73
161,U2709166N,Jerusalem,Madrid,9,6,1,7300,13000,1473447705,7,74
162,U22K1SX9N,Kabul,Recife,9,15,8,400,6000,1472237452,2,75
163,U22K1SX9N,Kabul,Recife,9,15,8,400,7000,1472237470,2,75
164,U22K1SX9N,Kabul,santo domingo,9,15,8,400,8500,1472237746,1,76
165,U24V2QUKC,Kingston,Chicago,8,15,1,2000,2000,1472842582,1,77
166,U24V2QUKC,Kingston,Chicago,8,15,1,2000,13000,1472842596,5,77
167,U231PNNA3,Kingston,Hamburg,8,17,1,6000,3000,1471633052,1,78
168,U231PNNA3,Kingston,Hamburg,8,17,1,6000,1000,1471633076,1,78
169,U231PNNA3,Kingston,Hamburg,8,17,1,5600,3000,1471633052,2,78
170,U231PNNA3,Kingston,Hamburg,8,17,1,5600,1000,1471633076,2,78
171,U231PNNA3,Kingston,Hamburg,8,17,6,5600,1000,1471633204,40,78
172,U24V2QUKC,Kingston,Leon,9,6,1,13700,10000,1472828439,1,79
173,U24V2QUKC,Kingston,Leon,9,6,1,13700,9000,1472828447,1,79
174,U231PNNA3,Kingston,Minneapolis,8,17,1,2800,2000,1471632631,1,80
175,U231PNNA3,Kingston,Minneapolis,8,17,1,14900,3000,1471633021,1,80
176,U231PNNA3,Kingston,Minneapolis,8,17,1,6000,3000,1471633021,1,80
177,U24V2QUKC,Kingston,Salvador,8,15,1,4400,1,1472842370,12,81
178,U24V2QUKC,Kingston,Santios,9,6,1,30300,8000,1472828278,7,82
179,U24V2QUKC,Kingston,Santios,9,6,1,30300,5000,1472828292,7,82
180,U2709166N,Kochi,Rome,9,6,3,54700,9000,1473258892,7,83
181,U24V2QUKC,Las Vegas,Sapporo,8,24,1,5000,1,1472145019,5,84
182,U24V2QUKC,Las Vegas,sacramento,8,24,1,5000,1000,1472145200,5,85
183,U2AMZ8TLK,Leon,Pittsburgh,9,1,2,2900,5000,1473195429,1,86
184,U22K1SX9N,Leon,Ulsan,8,27,7,1200,2000,1471535396,1,87
185,U2709166N,Lima,Atlantis,8,27,1,3300,1000,1471456728,3,88
186,U22K1SX9N,Long Beach,Bel Horizonte,9,15,1,1400,8000,1473188112,7,89
187,U22K1SX9N,Long Beach,Bel Horizonte,9,15,1,4500,5000,1473188251,7,89
188,U22K1SX9N,Long Beach,Bel Horizonte,9,15,1,2900,10000,1473188253,7,89
189,U2709166N,Long Beach,Rio de Janeiro,9,20,4,2300,7000,1473272626,5,90
190,U2709166N,Long Beach,toronto,9,20,4,2300,7000,1473272505,7,91
191,U2709166N,Long Beach,toronto,9,20,4,7400,6000,1473272565,5,91
192,U23KR88NT,Los Angeles,rome,8,15,5,23300,3200,1471890707,2,92
193,U231PNNA3,Manaus,Fukuoka,8,13,2,6100,5000,1471447215,4,93
194,U231PNNA3,Manaus,Vancouver,8,13,2,6100,5000,1471447199,4,94
195,U231PNNA3,Manaus,Vancouver,8,13,2,6100,5000,1471447199,4,94
196,U22K1SX9N,Manaus,hiroshima,8,15,1,7400,5000,1472842264,5,95
197,U22K1SX9N,Manaus,hiroshima,8,15,1,2000,10000,1472842326,5,95
198,U260BGVS6,Mannheim,Barcelona,9,12,1,4500,3213,1473457500,0,96
199,U260BGVS6,Mannheim,Barcelona,9,12,1,4500,3213,1473457500,0,96
200,U260BGVS6,Mannheim,Barcelona,9,12,1,4500,3213,1473457500,0,96
201,U21E41CQP,Mannheim,Brasilia,8,17,1,6000,3213,1471291468,2,97
202,U21E41CQP,Mannheim,Brasilia,8,17,1,6000,3213,1471291468,2,97
203,U21E41CQP,Mannheim,Brasilia,8,17,1,6000,3213,1471291468,2,97
204,U21E41CQP,Mannheim,Brasilia,8,17,1,6000,3213,1471291468,2,97
205,U21E41CQP,Mannheim,Brasilia,8,17,1,6000,3213,1471291468,2,97
206,U21E41CQP,Mannheim,Brasilia,8,17,1,6000,3213,1471291468,2,97
207,U21E41CQP,Mannheim,Brasilia,8,17,1,6000,3213,1471291468,2,97
208,U21E41CQP,Mannheim,Brasilia,8,17,1,6000,3213,1471291468,2,97
209,U21E41CQP,Mannheim,Brasilia,8,17,1,6000,3213,1471291468,2,97
210,U21E41CQP,Mannheim,Brasilia,8,17,1,6000,3213,1471291468,2,97
211,U21E41CQP,Mannheim,Brasilia,8,17,1,6000,3213,1471291468,2,97
212,U21E41CQP,Mannheim,Brasilia,8,17,1,6000,3213,1471291468,2,97
213,U21E41CQP,Mannheim,Brasilia,8,17,1,6000,3213,1471291468,2,97
214,U21E41CQP,Mannheim,Brasilia,8,17,1,6000,3213,1471291468,2,97
215,U22K1SX9N,Mannheim,Buenos Aires,9,20,1,5000,1,1473363084,6,98
216,U22K1SX9N,Mannheim,Buenos Aires,9,20,1,2900,2000,1473363186,6,98
217,U21E41CQP,Mannheim,Halifax,8,17,1,6000,3213,1471291432,2,99
218,U21E41CQP,Mannheim,Halifax,8,17,1,6000,3213,1471291432,2,99
219,U21E41CQP,Mannheim,Halifax,8,17,1,6000,3213,1471291432,2,99
220,U21E41CQP,Mannheim,Halifax,8,17,1,6000,3213,1471291432,2,99
221,U21E41CQP,Mannheim,Halifax,8,17,1,6000,3213,1471291432,2,99
222,U21E41CQP,Mannheim,Halifax,8,17,1,6000,3213,1471291432,2,99
223,U21E41CQP,Mannheim,Halifax,8,17,1,6000,3213,1471291432,2,99
224,U21E41CQP,Mannheim,Halifax,8,17,1,6000,3213,1471291432,2,99
225,U21E41CQP,Mannheim,Halifax,8,17,1,6000,3213,1471291432,2,99
226,U21E41CQP,Mannheim,Halifax,8,17,1,6000,3213,1471291432,2,99
227,U21E41CQP,Mannheim,Halifax,8,17,1,6000,3213,1471291432,2,99
228,U21E41CQP,Mannheim,Halifax,8,17,1,6000,3213,1471291432,2,99
229,U21E41CQP,Mannheim,Halifax,8,17,1,6000,3213,1471291432,2,99
230,U21E41CQP,Mannheim,Halifax,8,17,1,6000,3213,1471291432,2,99
231,U21E41CQP,Mannheim,Istanbul,8,17,1,6000,3213,1471291337,0,100
232,U21E41CQP,Mannheim,Istanbul,8,17,1,6000,3213,1471291337,0,100
233,U21E41CQP,Mannheim,Istanbul,8,17,1,6000,3213,1471291337,0,100
234,U260BGVS6,Mannheim,San Antonio,9,12,1,3700,6000,1473457332,5,101
235,U260BGVS6,Mannheim,San Antonio,9,12,1,2300,7000,1473457333,5,101
236,U260BGVS6,Mannheim,San Antonio,9,12,1,2300,1000,1473457356,7,101
237,U260BGVS6,Mannheim,San Antonio,9,12,1,4500,4000,1473457361,7,101
238,U260BGVS6,Mannheim,San Antonio,9,12,1,4500,3213,1473457362,7,101
239,U260BGVS6,Mannheim,San Antonio,9,12,1,3700,6000,1473457332,5,101
240,U260BGVS6,Mannheim,San Antonio,9,12,1,2300,7000,1473457333,5,101
241,U260BGVS6,Mannheim,San Antonio,9,12,1,2300,1000,1473457356,7,101
242,U260BGVS6,Mannheim,San Antonio,9,12,1,4500,4000,1473457361,7,101
243,U260BGVS6,Mannheim,San Antonio,9,12,1,4500,3213,1473457362,7,101
244,U260BGVS6,Mannheim,San Antonio,9,12,1,4500,4000,1473457361,7,101
245,U260BGVS6,Mannheim,San Antonio,9,12,1,4500,3213,1473457362,7,101
246,U260BGVS6,Mannheim,Sao Paulo,9,6,1,3800,10000,1472507363,5,102
247,U21E41CQP,Mannheim,Toronto,8,17,1,6000,3213,1471291495,2,103
248,U21E41CQP,Mannheim,Toronto,8,17,1,6000,3213,1471291498,2,103
249,U21E41CQP,Mannheim,Toronto,8,17,1,6000,3213,1471291495,2,103
250,U21E41CQP,Mannheim,Toronto,8,17,1,6000,3213,1471291498,2,103
251,U21E41CQP,Mannheim,Toronto,8,17,1,6000,3213,1471291495,2,103
252,U21E41CQP,Mannheim,Toronto,8,17,1,6000,3213,1471291498,2,103
253,U21E41CQP,Mannheim,Toronto,8,17,1,6000,3213,1471291495,2,103
254,U21E41CQP,Mannheim,Toronto,8,17,1,6000,3213,1471291498,2,103
255,U21E41CQP,Mannheim,Toronto,8,17,1,6000,3213,1471291495,2,103
256,U21E41CQP,Mannheim,Toronto,8,17,1,6000,3213,1471291498,2,103
257,U21E41CQP,Mannheim,Toronto,8,17,1,6000,3213,1471291495,2,103
258,U21E41CQP,Mannheim,Toronto,8,17,1,6000,3213,1471291498,2,103
259,U21E41CQP,Mannheim,Toronto,8,17,1,6000,3213,1471291495,2,103
260,U21E41CQP,Mannheim,Toronto,8,17,1,6000,3213,1471291498,2,103
261,U21E41CQP,Mannheim,Toronto,8,17,1,6000,3213,1471291495,2,103
262,U21E41CQP,Mannheim,Toronto,8,17,1,6000,3213,1471291498,2,103
263,U21E41CQP,Mannheim,Toronto,8,17,1,6000,3213,1471291495,2,103
264,U21E41CQP,Mannheim,Toronto,8,17,1,6000,3213,1471291498,2,103
265,U21E41CQP,Mannheim,Toronto,8,17,1,6000,3213,1471291495,2,103
266,U21E41CQP,Mannheim,Toronto,8,17,1,6000,3213,1471291498,2,103
267,U21E41CQP,Mannheim,Toronto,8,17,1,6000,3213,1471291495,2,103
268,U21E41CQP,Mannheim,Toronto,8,17,1,6000,3213,1471291498,2,103
269,U21E41CQP,Mannheim,Toronto,8,17,1,6000,3213,1471291495,2,103
270,U21E41CQP,Mannheim,Toronto,8,17,1,6000,3213,1471291498,2,103
271,U21E41CQP,Mannheim,Toronto,8,17,1,6000,3213,1471291495,2,103
272,U21E41CQP,Mannheim,Toronto,8,17,1,6000,3213,1471291498,2,103
273,U21E41CQP,Mannheim,Toronto,8,17,1,6000,3213,1471291495,2,103
274,U21E41CQP,Mannheim,Toronto,8,17,1,6000,3213,1471291498,2,103
275,U21E41CQP,Mannheim,brasilia,8,17,1,6000,3213,1471291373,2,104
276,U21E41CQP,Mannheim,brasilia,8,17,1,6000,3213,1471291373,2,104
277,U21E41CQP,Mannheim,brasilia,8,17,1,6000,3213,1471291373,2,104
278,U21E41CQP,Mannheim,brasilia,8,17,1,6000,3213,1471291373,2,104
279,U21E41CQP,Mannheim,brasilia,8,17,1,6000,3213,1471291373,2,104
280,U21E41CQP,Mannheim,brasilia,8,17,1,6000,3213,1471291373,2,104
281,U21E41CQP,Mannheim,brasilia,8,17,1,6000,3213,1471291373,2,104
282,U21E41CQP,Mannheim,brasilia,8,17,1,6000,3213,1471291373,2,104
283,U21E41CQP,Mannheim,brasilia,8,17,1,6000,3213,1471291373,2,104
284,U21E41CQP,Mannheim,brasilia,8,17,1,6000,3213,1471291373,2,104
285,U21E41CQP,Mannheim,brasilia,8,17,1,6000,3213,1471291373,2,104
286,U21E41CQP,Mannheim,brasilia,8,17,1,6000,3213,1471291373,2,104
287,U21E41CQP,Mannheim,brasilia,8,17,1,6000,3213,1471291373,2,104
288,U21E41CQP,Mannheim,brasilia,8,17,1,6000,3213,1471291373,2,104
289,U21RP4FCY,Melbourne,Burlington,8,24,1,1500,2500,1471641536,7,105
290,U21RP4FCY,Melbourne,Campinnas,8,24,1,1500,2000,1471641969,7,106
291,U21RP4FCY,Melbourne,Minneapolis,8,24,1,1500,3000,1471642051,7,107
292,U2709166N,Milan,Las Vegas,9,24,2,15900,4000,1473446878,7,108
293,U21RP4FCY,Minneapolis,Porto Alegre,8,18,1,4600,2500,1471384262,7,109
294,U22K1SX9N,Minneapolis,Santos,9,1,1,5100,8000,1473360949,6,110
295,U24V2QUKC,Monterrey,Belem,9,16,1,2800,3000,1472582755,3,111
296,U24V2QUKC,Monterrey,Curitiba,9,16,1,2800,1,1472582286,3,112
297,U24V2QUKC,Monterrey,Punta Cana,9,16,1,2800,13000,1472582997,1,113
298,U22K1SX9N,Montreal,porto,9,15,3,12400,1,1472235718,7,114
299,U2709166N,Nagoya,Busan,8,15,1,6100,1000,1471463668,4,115
300,U2709166N,Nagoya,Busan,8,15,1,6100,1000,1471463672,0,115
301,U2709166N,Nagoya,Busan,8,15,1,6100,1000,1471463668,4,115
302,U2709166N,Nagoya,Busan,8,15,1,6100,1000,1471463672,0,115
303,U2709166N,Nagoya,Busan,8,15,1,6100,1000,1471463668,4,115
304,U2709166N,Nagoya,Busan,8,15,1,6100,1000,1471463672,0,115
305,U2709166N,Nagoya,Busan,8,15,1,6100,1000,1471463668,4,115
306,U2709166N,Nagoya,Busan,8,15,1,6100,1000,1471463672,0,115
307,U2709166N,Nagoya,Busan,8,15,1,6100,1000,1471463672,0,115
308,U2709166N,Nagoya,Busan,8,15,1,6100,1000,1471463672,0,115
309,U2709166N,Nagoya,Busan,8,15,1,6100,1000,1471463672,0,115
310,U2709166N,Nagoya,Busan,8,15,1,6100,1000,1471463672,0,115
311,U2709166N,Nagoya,Busan,8,15,1,6100,1000,1471463672,0,115
312,U2709166N,Nagoya,Busan,8,15,1,6100,1000,1471463672,0,115
313,U22K1SX9N,Nagoya,Las Vegas,8,25,4,2900,0,1471533262,2,116
314,U2709166N,North Vancouver,Lima,9,15,1,4300,10000,1473274742,7,117
315,U2709166N,North Vancouver,Lima,9,15,1,4300,9000,1473274749,7,117
316,U2709166N,North Vancouver,Lima,9,15,1,4300,8000,1473274754,7,117
317,U22K1SX9N,North Vancouver,San Juan,9,6,1,500,9000,1472851056,5,118
318,U22K1SX9N,North Vancouver,Santo Domingo,9,6,1,400,8000,1472851067,5,119
319,U22K1SX9N,North Vancouver,Tijuana,9,6,1,400,10000,1472851041,5,120
320,U2709166N,Osaka,Queenstown,9,15,1,6800,2000,1473276701,6,121
321,U2709166N,Osaka,Sao Paulo,9,15,1,7200,13000,1473276904,1,122
322,U24V2QUKC,Phoenix,houston,8,31,1,2500,13000,1472669594,6,123
323,U24V2QUKC,Phoenix,recife,8,31,1,2000,8000,1472669964,6,124
324,U24V2QUKC,Phoenix,recife,8,31,1,2500,5000,1472669984,6,124
325,U21RP4FCY,Pittsburgh,Porto Alegre,8,18,1,4600,0,1471384255,1,125
326,U22K1SX9N,Porto,kyoto,8,27,2,2900,2500,1471535076,2,126
327,U23KR88NT,Puebla,Monterrey,9,9,1,3600,7500,1472075459,2,127
328,U23KR88NT,Puebla,monterrey,9,9,1,3600,7500,1472075309,4,128
329,U2AMZ8TLK,Punta Cana,Alexandria,9,26,1,14000,4000,1473707788,7,129
330,U2AMZ8TLK,Punta Cana,Alexandria,9,26,1,4100,4000,1473707793,7,129
331,U2AMZ8TLK,Punta Cana,Alexandria,9,26,1,4100,4000,1473707802,7,129
332,U2AMZ8TLK,Punta Cana,Alexandria,9,26,1,2300,8000,1473707803,7,129
333,U2AMZ8TLK,Punta Cana,Alexandria,9,26,1,3700,7000,1473707803,7,129
334,U2AMZ8TLK,Punta Cana,Alexandria,9,26,1,3700,6000,1473707814,5,129
335,U2AMZ8TLK,Punta Cana,Alexandria,9,26,1,4900,7000,1473707849,4,129
336,U22K1SX9N,Punta Cana,Atlanta,9,15,3,5100,5000,1473359885,1,130
337,U22K1SX9N,Punta Cana,Atlanta,9,15,3,5100,10000,1473359886,1,130
338,U22K1SX9N,Punta Cana,Atlanta,9,15,3,5100,9000,1473359894,1,130
339,U24V2QUKC,Punta Cana,Porto Alegre,8,15,2,3800,10000,1472585374,1,131
340,U24V2QUKC,Punta Cana,Porto Alegre,8,15,2,3800,8000,1472585684,1,131
341,U24V2QUKC,Punta Cana,Porto Alegre,8,15,2,3800,10000,1472585374,1,131
342,U24V2QUKC,Punta Cana,Porto Alegre,8,15,2,3800,8000,1472585684,1,131
343,U2AMZ8TLK,Punta Cana,Sao Paulo,9,26,1,4900,1000,1473708328,4,132
344,U22K1SX9N,Queenstown,Buenos Aires,8,15,7,4500,8000,1473177657,7,133
345,U22K1SX9N,Queenstown,Cancun,8,15,7,4500,13000,1473177653,7,134
346,U22K1SX9N,Queenstown,Detroit,8,15,7,2300,13000,1473177645,7,135
347,U22K1SX9N,Queenstown,Manaus,8,15,7,23700,1,1473177482,4,136
348,U22K1SX9N,Queenstown,Rio de Janeiro,8,15,7,4500,5000,1473177669,7,137
349,U22K1SX9N,Queenstown,Stuttgart,8,15,7,23700,2000,1473177537,4,138
350,U24V2QUKC,Recife,Fortaleza,9,8,5,13800,5000,1472755166,4,139
351,U24V2QUKC,Recife,Kingston,9,8,5,13800,13000,1472755098,4,140
352,U24V2QUKC,Recife,Ulsan,9,8,1,2500,2000,1472754760,3,141
353,U24V2QUKC,Recife,Vancouver,9,8,5,13800,13000,1472755148,4,142
354,U22K1SX9N,Recife,goiania,8,29,2,3800,6000,1472495709,3,143
355,U22K1SX9N,Recife,goiania,8,29,2,3800,7000,1472495712,3,143
356,U24V2QUKC,Recife,santa cruz,9,8,5,13800,10000,1472755181,4,144
357,U24V2QUKC,Recife,tofino,9,8,5,13800,8000,1472755158,4,145
358,U24V2QUKC,Resife,Chicago,9,8,1,2500,1,1472754742,3,146
359,U2709166N,Rio de Janeiro,New York,8,19,1,5600,3000,1471468279,40,147
360,U2709166N,Rio de Janeiro,New York,8,19,1,3500,1000,1471468310,40,147
361,U2709166N,Rio de Janeiro,Tijuana,8,19,1,16600,2500,1471467890,3,148
362,U2709166N,Rio de Janeiro,Tijuana,8,19,1,16600,1000,1471467942,3,148
363,U22K1SX9N,Rome,St. Petersburg,8,15,1,29400,13000,1473188702,7,149
364,U22K1SX9N,Rome,St. Petersburg,8,15,1,29400,13000,1473188720,7,149
365,U260BGVS6,Rosario,Manaus,9,13,1,4100,4000,1473698731,7,150
366,U260BGVS6,Rosario,Queenstown,9,13,1,14000,4000,1473698260,7,151
367,U260BGVS6,Rosario,Toronto,9,13,1,4100,4000,1473698933,7,152
368,U260BGVS6,Rosario,Toronto,9,13,1,2300,8000,1473698965,7,152
369,U24V2QUKC,San Antonio,Santios,9,6,4,3800,13000,1472829659,12,153
370,U2709166N,San Juan,Hiroshima,9,8,2,4800,4000,1473434144,1,154
371,U231PNNA3,San Juan,Long Beach,9,20,3,5000,13000,1473363767,6,155
372,U22K1SX9N,Santa Cruz,Berlin,9,8,1,2100,5000,1473352723,1,156
373,U22K1SX9N,Santa Cruz,Berlin,9,8,1,2100,10000,1473352741,7,156
374,U22K1SX9N,Santa Cruz,Denver,9,8,1,1200,8000,1473353533,7,157
375,U22K1SX9N,Santa Cruz,Denver,9,8,1,1200,7000,1473353541,7,157
376,U22K1SX9N,Santa Cruz,Denver,9,8,1,4500,3213,1473354098,7,157
377,U22K1SX9N,Santa Cruz,Denver,9,8,1,4500,3213,1473354117,0,157
378,U22K1SX9N,Santa Cruz,Denver,9,8,1,5800,3213,1473354165,0,157
379,U22K1SX9N,Santa Cruz,Denver,9,8,1,1200,3213,1473354212,0,157
380,U22K1SX9N,Santa Cruz,Denver,9,8,1,5000,3213,1473354234,0,157
381,U22K1SX9N,Santa Cruz,Denver,9,8,1,6000,3213,1473354237,2,157
382,U22K1SX9N,Santa Cruz,Denver,9,8,1,1200,8000,1473353533,7,157
383,U22K1SX9N,Santa Cruz,Denver,9,8,1,1200,7000,1473353541,7,157
384,U22K1SX9N,Santa Cruz,Denver,9,8,1,4500,3213,1473354098,7,157
385,U22K1SX9N,Santa Cruz,Denver,9,8,1,4500,3213,1473354117,0,157
386,U22K1SX9N,Santa Cruz,Denver,9,8,1,5800,3213,1473354165,0,157
387,U22K1SX9N,Santa Cruz,Denver,9,8,1,1200,3213,1473354212,0,157
388,U22K1SX9N,Santa Cruz,Denver,9,8,1,5000,3213,1473354234,0,157
389,U22K1SX9N,Santa Cruz,Denver,9,8,1,6000,3213,1473354237,2,157
390,U22K1SX9N,Santa Cruz,Denver,9,8,1,4500,3213,1473354098,7,157
391,U22K1SX9N,Santa Cruz,Denver,9,8,1,4500,3213,1473354117,0,157
392,U22K1SX9N,Santa Cruz,Denver,9,8,1,5800,3213,1473354165,0,157
393,U22K1SX9N,Santa Cruz,Denver,9,8,1,1200,3213,1473354212,0,157
394,U22K1SX9N,Santa Cruz,Denver,9,8,1,5000,3213,1473354234,0,157
395,U22K1SX9N,Santa Cruz,Denver,9,8,1,6000,3213,1473354237,2,157
396,U22K1SX9N,Santa Cruz,Denver,9,8,1,4500,3213,1473354098,7,157
397,U22K1SX9N,Santa Cruz,Denver,9,8,1,4500,3213,1473354117,0,157
398,U22K1SX9N,Santa Cruz,Denver,9,8,1,5800,3213,1473354165,0,157
399,U22K1SX9N,Santa Cruz,Denver,9,8,1,1200,3213,1473354212,0,157
400,U22K1SX9N,Santa Cruz,Denver,9,8,1,5000,3213,1473354234,0,157
401,U22K1SX9N,Santa Cruz,Denver,9,8,1,6000,3213,1473354237,2,157
402,U22K1SX9N,Santa Cruz,Denver,9,8,1,4500,3213,1473354098,7,157
403,U22K1SX9N,Santa Cruz,Denver,9,8,1,4500,3213,1473354117,0,157
404,U22K1SX9N,Santa Cruz,Denver,9,8,1,5800,3213,1473354165,0,157
405,U22K1SX9N,Santa Cruz,Denver,9,8,1,1200,3213,1473354212,0,157
406,U22K1SX9N,Santa Cruz,Denver,9,8,1,5000,3213,1473354234,0,157
407,U22K1SX9N,Santa Cruz,Denver,9,8,1,6000,3213,1473354237,2,157
408,U22K1SX9N,Santa Cruz,Denver,9,8,1,1200,3213,1473354212,0,157
409,U22K1SX9N,Santa Cruz,Denver,9,8,1,5000,3213,1473354234,0,157
410,U22K1SX9N,Santa Cruz,Denver,9,8,1,6000,3213,1473354237,2,157
411,U22K1SX9N,Santa Cruz,Denver,9,8,1,1200,3213,1473354212,0,157
412,U22K1SX9N,Santa Cruz,Denver,9,8,1,5000,3213,1473354234,0,157
413,U22K1SX9N,Santa Cruz,Denver,9,8,1,6000,3213,1473354237,2,157
414,U22K1SX9N,Santa Cruz,Denver,9,8,1,1200,3213,1473354212,0,157
415,U22K1SX9N,Santa Cruz,Denver,9,8,1,5000,3213,1473354234,0,157
416,U22K1SX9N,Santa Cruz,Denver,9,8,1,6000,3213,1473354237,2,157
417,U231PNNA3,Santa Cruz,Sao Paulo,9,8,6,17100,13000,1473353312,2,158
418,U22K1SX9N,Santa Cruz,St. Petersburg,9,8,1,2300,7000,1473353898,5,159
419,U22K1SX9N,Santa Cruz,St. Petersburg,9,8,1,2300,1000,1473353949,7,159
420,U22K1SX9N,Santa Cruz,St. Petersburg,9,8,1,4500,4000,1473353969,7,159
421,U22K1SX9N,Santa Cruz,St. Petersburg,9,8,1,2300,7000,1473353898,5,159
422,U22K1SX9N,Santa Cruz,St. Petersburg,9,8,1,2300,1000,1473353949,7,159
423,U22K1SX9N,Santa Cruz,St. Petersburg,9,8,1,4500,4000,1473353969,7,159
424,U22K1SX9N,Santa Cruz,St. Petersburg,9,8,1,2300,7000,1473353898,5,159
425,U22K1SX9N,Santa Cruz,St. Petersburg,9,8,1,2300,1000,1473353949,7,159
426,U22K1SX9N,Santa Cruz,St. Petersburg,9,8,1,4500,4000,1473353969,7,159
427,U22K1SX9N,Santa Cruz,St. Petersburg,9,8,1,2300,7000,1473353898,5,159
428,U22K1SX9N,Santa Cruz,St. Petersburg,9,8,1,2300,1000,1473353949,7,159
429,U22K1SX9N,Santa Cruz,St. Petersburg,9,8,1,4500,4000,1473353969,7,159
430,U22K1SX9N,Santa Cruz,St. Petersburg,9,8,1,2300,7000,1473353898,5,159
431,U22K1SX9N,Santa Cruz,St. Petersburg,9,8,1,2300,1000,1473353949,7,159
432,U22K1SX9N,Santa Cruz,St. Petersburg,9,8,1,4500,4000,1473353969,7,159
433,U22K1SX9N,Santa Cruz,berlin,9,8,1,7400,6000,1473353754,5,160
434,U22K1SX9N,Santa Cruz,berlin,9,8,1,7400,6000,1473353754,5,160
435,U22K1SX9N,Santa Cruz,la paz,9,8,1,4300,9000,1473353082,7,161
436,U2709166N,Santo Domingo,Birmingham,9,8,1,22400,1,1472677163,7,162
437,U2709166N,Santo Domingo,Birmingham,9,8,1,1900,2000,1472677178,7,162
438,U2709166N,Santo Domingo,Ulsan,9,8,1,36300,13000,1472677299,6,163
439,U2709166N,Santo Domingo,Ulsan,9,8,1,37800,13000,1472677448,6,163
440,U2709166N,Santo Domingo,Ulsan,9,8,1,5500,8000,1472677452,6,163
441,U2709166N,Santos,New York,9,20,4,2300,1000,1473272710,7,164
442,U260BGVS6,Santos,Vancouver,8,29,1,4000,1,1472495204,3,165
443,U22K1SX9N,Sapporo,Fukuoka,9,6,1,2000,1,1473197749,12,166
444,U22K1SX9N,Sapporo,belem,9,6,1,4800,2000,1473197842,12,167
445,U22K1SX9N,Sapporo,belem,9,6,1,2900,13000,1473197863,12,167
446,U2AMZ8TLK,Sapporo,denver,9,1,3,54700,9000,1473194258,7,168
447,U22K1SX9N,Seattle,Burlington,9,16,2,1200,8000,1472577884,1,169
448,U22K1SX9N,Seattle,Burlington,9,16,2,2400,5000,1472577895,1,169
449,U22K1SX9N,Seattle,Burlington,9,16,2,3800,10000,1472577898,1,169
450,U22K1SX9N,Seattle,Burlington,9,16,2,3800,9000,1472577919,1,169
451,U22K1SX9N,Seattle,Burlington,9,16,2,3800,8000,1472577947,1,169
452,U22K1SX9N,Seattle,Burlington,9,16,2,1200,7000,1472577966,1,169
453,U22K1SX9N,Seattle,Burlington,9,16,2,1500,6000,1472577984,1,169
454,U22K1SX9N,Seattle,Burlington,9,16,2,3000,7000,1472577994,1,169
455,U22K1SX9N,Seattle,Burlington,9,16,2,1500,6000,1472577984,1,169
456,U22K1SX9N,Seattle,Burlington,9,16,2,3000,7000,1472577994,1,169
457,U22K1SX9N,Seattle,Burlington,9,16,2,1500,6000,1472577984,1,169
458,U22K1SX9N,Seattle,Burlington,9,16,2,3000,7000,1472577994,1,169
459,U22K1SX9N,Seattle,Burlington,9,16,2,1500,6000,1472577984,1,169
460,U22K1SX9N,Seattle,Burlington,9,16,2,3000,7000,1472577994,1,169
461,U2709166N,St. Petersburg,Hamburg,9,7,1,1000,8000,1473284504,3,170
462,U2709166N,St. Petersburg,San Antonio,9,7,1,1000,5000,1473284575,1,171
463,U22HTHYNP,Stuttgart,Kingston,8,27,1,2900,3000,1471535670,2,172
464,U22HTHYNP,Stuttgart,Monterrey,8,27,1,2900,2500,1471535365,2,173
465,U231PNNA3,Sydney,Brazil,8,22,1,6100,4000,1471445880,0,174
466,U231PNNA3,Sydney,Brazil,8,22,1,6100,4000,1471445923,0,174
467,U231PNNA3,Sydney,Brazil,8,22,1,6100,4000,1471445923,0,174
468,U231PNNA3,Sydney,Brazil,8,22,1,6100,4000,1471445923,0,174
469,U231PNNA3,Sydney,Brazil,8,22,1,6100,4000,1471445923,0,174
470,U231PNNA3,Sydney,Brazil,8,22,1,6100,4000,1471445923,0,174
471,U231PNNA3,Sydney,Brazil,8,22,1,6100,4000,1471445923,0,174
472,U231PNNA3,Sydney,Brazil,8,22,1,6100,4000,1471445923,0,174
473,U231PNNA3,Sydney,Brazil,8,22,1,6100,4000,1471445923,0,174
474,U231PNNA3,Sydney,Brazil,8,22,1,6100,4000,1471445923,0,174
475,U231PNNA3,Sydney,Brazil,8,22,1,6100,4000,1471445923,0,174
476,U231PNNA3,Sydney,Brazil,8,22,1,6100,4000,1471445923,0,174
477,U22HTHYNP,Sydney,Naples,8,26,1,18600,2500,1471547882,2,175
478,U2709166N,Tampa,San Antonio,9,8,7,3700,7000,1473694350,7,176
479,U24V2QUKC,Tampa,San Diego,8,31,1,400,5000,1472762602,1,177
480,U24V2QUKC,Tel Aviv,Madrid,8,24,10,3000,7500,1472144733,5,178
481,U2709166N,Termina,Atlantis,8,27,1,3300,2500,1471456536,3,179
482,U2709166N,Termina,Atlantis,8,27,1,3300,3000,1471456564,3,179
483,U2709166N,Termina,Atlantis,8,27,1,3300,1000,1471456701,3,179
484,U2709166N,Termina,Lima,8,27,1,3300,1000,1471456763,3,180
485,U22K1SX9N,Tijuama,Hamburg,9,2,1,4900,4500,1472159483,5,181
486,U2709166N,Tijuana,Busan,9,15,1,4300,5000,1473276079,1,182
487,U22K1SX9N,Tijuana,Manas,9,8,1,4500,5000,1472481089,2,183
488,U22K1SX9N,Tijuana,Manas,9,8,1,4500,6000,1472481118,2,183
489,U22K1SX9N,Tijuana,Manas,9,8,1,4500,7000,1472481121,2,183
490,U22K1SX9N,Tijuana,Manas,9,8,1,4500,8500,1472481122,1,183
491,U22K1SX9N,Tijuana,Manas,9,8,1,4500,8500,1472481122,1,183
492,U24V2QUKC,Tijuana,Mexico City,8,15,1,2300,13000,1472842301,5,184
493,U2709166N,Tijuana,San Antonio,9,15,1,4300,8000,1473275287,3,185
494,U231PNNA3,Tofino,Santa Cruz,9,8,1,5800,8000,1473352933,5,186
495,U22K1SX9N,Tofino,Santos,9,6,3,2100,1,1473354890,7,187
496,U22K1SX9N,Tofino,Santos,9,6,3,3100,2000,1473354942,7,187
497,U231PNNA3,Tofino,santa cruz,9,8,1,3400,13000,1473352826,5,188
498,U231PNNA3,Tokyo,Hamburg,8,17,6,5600,1000,1471633321,40,189
499,U231PNNA3,Tokyo,Hamburg,8,17,6,6100,1000,1471633321,4,189
500,U231PNNA3,Tokyo,Hamburg,8,17,6,5600,1000,1471633321,40,189
501,U231PNNA3,Tokyo,Hamburg,8,17,6,6100,1000,1471633321,4,189
502,U231PNNA3,Tokyo,Hamburg,8,17,6,6100,1000,1471633321,4,189
503,U231PNNA3,Tokyo,Hamburg,8,17,6,6100,1000,1471633321,4,189
504,U231PNNA3,Tokyo,Hamburg,8,17,6,6100,1000,1471633321,4,189
505,U231PNNA3,Tokyo,Hamburg,8,17,6,6100,1000,1471633321,4,189
506,U231PNNA3,Tokyo,Minneapolis,8,17,6,18600,1000,1471633350,4,190
507,U231PNNA3,Tokyo,Minneapolis,8,17,6,6100,1000,1471633350,4,190
508,U231PNNA3,Tokyo,Minneapolis,8,17,6,18600,1000,1471633350,4,190
509,U231PNNA3,Tokyo,Minneapolis,8,17,6,6100,1000,1471633350,4,190
510,U231PNNA3,Tokyo,Minneapolis,8,17,6,6100,1000,1471633350,4,190
511,U231PNNA3,Tokyo,Minneapolis,8,17,6,6100,1000,1471633350,4,190
512,U231PNNA3,Tokyo,Minneapolis,8,17,6,6100,1000,1471633350,4,190
513,U231PNNA3,Tokyo,Minneapolis,8,17,6,6100,1000,1471633350,4,190
514,U24V2QUKC,Toluca,Guadalajara,9,6,3,3800,13000,1472830001,3,191
515,U24V2QUKC,Toluca,Naples,9,12,1,1200,8000,1472587132,1,192
516,U24V2QUKC,Toluca,Naples,9,12,1,2400,5000,1472587168,1,192
517,U22K1SX9N,Toronto,Chicago,9,14,2,5000,13000,1473362367,1,193
518,U2709166N,Toronto,Cleveland,9,12,2,1800,13000,1473440052,4,194
519,U260BGVS6,Toronto,Frankfurt,8,30,2,2400,13000,1472571723,2,195
520,U2709166N,Toronto,La Paz,9,12,2,400,2000,1473439983,4,196
521,U260BGVS6,Toronto,Mexico City,8,27,2,4100,4500,1472484986,1,197
522,U2709166N,Toronto,Porto Alegre,9,12,2,1800,1,1473439854,4,198
523,U260BGVS6,Toronto,Punta Cana,8,30,2,2400,5000,1472571754,5,199
524,U260BGVS6,Toronto,Rosario,8,30,2,2400,8000,1472571741,5,200
525,U231PNNA3,Toronto,San Diego,9,11,1,3700,7000,1473368958,7,201
526,U231PNNA3,Toronto,San Diego,9,11,1,3700,6000,1473368963,5,201
527,U231PNNA3,Toronto,San Diego,9,11,1,3700,7000,1473368958,7,201
528,U231PNNA3,Toronto,San Diego,9,11,1,3700,6000,1473368963,5,201
529,U231PNNA3,Toronto,San Diego,9,11,1,3700,6000,1473368963,5,201
530,U2709166N,Toronto,cancun,9,12,2,1800,13000,1473440063,4,202
531,U2709166N,Ulsan,Curitiba,9,20,8,3100,8000,1473267088,12,203
532,U2709166N,Ulsan,Hiroshami,9,20,8,2900,1,1473266572,1,204
533,U2709166N,Ulsan,Hiroshami,9,20,8,4200,2000,1473266589,1,204
534,U2709166N,Ulsan,Hiroshima,9,20,1,3500,13000,1473266625,5,205
535,U2709166N,Ulsan,Hiroshima,9,20,8,3100,13000,1473266638,5,205
536,U2709166N,Ulsan,San Francisco,9,20,8,400,5000,1473267175,1,206
537,U2709166N,Ulsan,San Francisco,9,20,8,3500,10000,1473267513,7,206
538,U260BGVS6,Vancouver,Santiago,9,15,2,2300,8000,1473444519,7,207
539,U260BGVS6,Vancouver,Santiago,9,15,2,3700,7000,1473444525,7,207
540,U22K1SX9N,alexandria,Guadalajara,9,16,2,3600,1,1472829612,12,208
541,U22K1SX9N,alexandria,Guadalajara,9,16,2,2700,2000,1472829779,3,208
542,U22HTHYNP,alexandria,berlin,8,26,1,3800,2000,1471547215,1,209
543,U22HTHYNP,alexandria,kobe,8,26,1,3800,2000,1471547077,5,210
544,U22HTHYNP,alexandria,salvador,8,26,1,18600,2500,1471547363,11,211
545,U22HTHYNP,alexandria,salvador,8,26,1,18600,2500,1471547387,2,211
546,U22K1SX9N,baltimore,Fukuoka,8,27,1,18600,3000,1471555913,40,212
547,U22K1SX9N,baltimore,manaus,8,27,1,18600,3000,1471556010,40,213
548,U22K1SX9N,baltimore,manaus,8,27,1,18600,1000,1471556013,4,213
549,U22K1SX9N,baltimore,manaus,8,27,1,6100,1000,1471556016,4,213
550,U22K1SX9N,barcelona,brasilia,8,27,1,2700,6000,1472150227,1,214
551,U22K1SX9N,barcelona,brasilia,8,27,1,2700,7000,1472150262,1,214
552,U22K1SX9N,barcelona,brasilia,8,27,1,2700,6000,1472150227,1,214
553,U22K1SX9N,barcelona,brasilia,8,27,1,2700,7000,1472150262,1,214
554,U22K1SX9N,barcelona,madrid,8,27,1,4600,3000,1471456256,40,215
555,U22K1SX9N,barcelona,madrid,8,27,1,5600,4000,1471456295,40,215
556,U22K1SX9N,barcelona,madrid,8,27,1,5600,4000,1471456297,40,215
557,U22K1SX9N,barcelona,san jose,8,27,1,2700,8500,1472150388,1,216
558,U22K1SX9N,barcelona,san jose,8,27,1,2700,8500,1472150388,1,216
559,U22K1SX9N,barcelona,santa cruz,8,27,1,3500,5000,1471456900,40,217
560,U231PNNA3,belo horizonte,Fortaleza,9,8,1,1100,9000,1472753967,1,218
561,U22K1SX9N,belo horizonte,Ulsan,8,27,7,1200,2500,1471535489,11,219
562,U231PNNA3,belo horizonte,kobe,9,8,1,1100,8000,1472754022,1,220
563,U231PNNA3,belo horizonte,kobe,9,8,1,1100,7000,1472754022,1,220
564,U24V2QUKC,belo horizonte,leon,9,8,1,5400,13000,1472591017,1,221
565,U24V2QUKC,belo horizonte,leon,9,8,1,5400,13000,1472591045,1,221
566,U24V2QUKC,belo horizonte,munich,9,8,1,3900,1,1472590786,5,222
567,U24V2QUKC,belo horizonte,munich,9,8,1,3100,2000,1472590786,3,222
568,U24V2QUKC,belo horizonte,rome,8,31,2,5600,3200,1471880328,7,223
569,U24V2QUKC,belo horizonte,rome,8,31,2,5600,3200,1471880328,7,223
570,U24V2QUKC,belo horizonte,rome,8,31,2,5600,3200,1471880328,7,223
571,U24V2QUKC,belo horizonte,rome,8,31,2,5600,3200,1471880328,7,223
572,U22HTHYNP,belo horizonte,sao paulo,8,20,1,6000,1700,1471296789,4,224
573,U23KR88NT,berlin,Goiania,8,25,1,2900,1,1472067489,1,225
574,U24V2QUKC,berlin,Pittsburgh,9,8,7,3800,8000,1472741923,1,226
575,U24V2QUKC,berlin,Pittsburgh,9,8,7,1200,7000,1472741941,1,226
576,U24V2QUKC,berlin,Pittsburgh,9,8,7,1500,6000,1472741945,1,226
577,U24V2QUKC,berlin,atlanta,9,8,1,1500,5000,1472741429,6,227
578,U24V2QUKC,berlin,atlanta,9,8,1,1500,10000,1472741476,6,227
579,U24V2QUKC,berlin,atlanta,9,8,7,1800,9000,1472741489,1,227
580,U21RP4FCY,brasilia,phoenix,8,18,2,3300,2500,1471384141,4,228
581,U21RP4FCY,brasilia,phoenix,8,18,2,3300,1700,1471384151,4,228
582,U21RP4FCY,brasilia,rome,8,18,1,3900,2500,1471382668,3,229
583,U21RP4FCY,brasilia,rome,8,18,2,3300,2500,1471383880,11,229
584,U21RP4FCY,brasilia,rome,8,18,2,1000,1700,1471384211,4,229
585,U21RP4FCY,brasilia,rome,8,18,2,5000,1700,1471384211,4,229
586,U21RP4FCY,brasilia,rome,8,18,2,3500,1700,1471384245,4,229
587,U231PNNA3,burlington,denver,9,8,1,19900,8000,1472744196,2,230
588,U231PNNA3,burlington,dublin,9,8,1,3100,1,1472743673,2,231
589,U231PNNA3,burlington,dublin,9,8,1,19900,2000,1472743686,2,231
590,U22K1SX9N,burlington,manaus,8,15,1,6400,8000,1472842032,5,232
591,U231PNNA3,burlington,new york,9,8,1,19900,13000,1472743831,2,233
592,U231PNNA3,burlington,osaka,9,8,1,19900,13000,1472743907,2,234
593,U260BGVS6,burlington,tampa,9,12,2,1800,3000,1473438625,1,235
594,U22HTHYNP,calgary,la paz,8,17,1,6000,3213,1471373107,0,236
595,U22HTHYNP,calgary,la paz,8,17,1,6000,3213,1471373107,0,236
596,U23KR88NT,calgary,manaus,8,25,4,3800,2500,1471885105,2,237
597,U23KR88NT,calgary,minneapolis,8,25,4,2100,3200,1471885651,7,238
598,U23KR88NT,calgary,minneapolis,8,25,4,2100,3200,1471885927,7,238
599,U23KR88NT,calgary,sao paulo,8,25,4,23300,3200,1471886100,7,239
600,U23KR88NT,calgary,sao paulo,8,25,4,23300,3200,1471886100,7,239
601,U23KR88NT,calgary,tokyo,8,25,4,3800,2000,1471885556,5,240
602,U24V2QUKC,cancun,guadalajara,8,31,1,2800,3200,1471898729,2,241
603,U24V2QUKC,cancun,guadalajara,8,31,2,2800,3200,1471898731,2,241
604,U24V2QUKC,cancun,guadalajara,8,31,1,2800,1800,1471898722,2,241
605,U24V2QUKC,cancun,guadalajara,8,31,1,2800,3200,1471898729,2,241
606,U24V2QUKC,cancun,guadalajara,8,31,2,2800,3200,1471898731,7,241
607,U24V2QUKC,cancun,guadalajara,8,31,1,2800,1800,1471898722,2,241
608,U24V2QUKC,cancun,guadalajara,8,31,1,2800,3200,1471898729,2,241
609,U24V2QUKC,cancun,guadalajara,8,31,2,2800,3200,1471898731,7,241
610,U22K1SX9N,chicago bay,amburg,8,27,6,31500,2000,1471538391,5,242
611,U231PNNA3,denver,belem,8,31,1,5600,13000,1472763950,6,243
612,U231PNNA3,denver,buenos aires,8,31,1,5600,1,1472763105,1,244
613,U231PNNA3,denver,columbus,8,31,1,400,8000,1472764168,1,245
614,U22K1SX9N,denver,osaka,8,26,5,18600,3000,1471546711,40,246
615,U22K1SX9N,denver,osaka,8,26,5,18600,3000,1471546711,40,246
616,U22K1SX9N,denver,osaka,8,26,5,18600,1000,1471546868,4,246
617,U22K1SX9N,denver,philadelphia,8,26,500,18600,3000,1471546570,2,247
618,U22K1SX9N,denver,philadelphia,8,26,5,18600,0,1471546586,2,247
619,U231PNNA3,denver,punta cana,8,31,1,5600,2000,1472763503,1,248
620,U231PNNA3,denver,punta cana,8,31,1,5600,13000,1472763510,6,248
621,U22HTHYNP,essen,buenos aires,8,13,1,3500,0,1471282265,11,249
622,U22K1SX9N,essen,denver,9,6,1,2900,9000,1473186795,7,250
623,U24V2QUKC,essen,miami,8,1,1,6200,1800,1471899830,2,251
624,U24V2QUKC,essen,porto alegre,8,27,1,5000,3000,1472149292,1,252
625,U24V2QUKC,essen,porto alegre,8,27,1,4000,5000,1472149545,1,252
626,U2709166N,fort lauderdale,hamburg,9,9,1,3600,400,1472075134,4,253
627,U2709166N,fort lauderdale,la paz,9,9,1,3600,1000,1472074846,4,254
628,U22K1SX9N,jerusalem,birmingham,9,13,3,3200,3000,1472240489,2,255
629,U22K1SX9N,jerusalem,birmingham,9,13,3,400,5000,1472240491,2,255
630,U2709166N,jerusalem,melbourne,9,8,1,1200,7000,1472676872,1,256
631,U2709166N,jerusalem,melbourne,9,8,1,1500,6000,1472676876,1,256
632,U2709166N,jerusalem,melbourne,9,8,1,3000,7000,1472676878,1,256
633,U2709166N,jerusalem,melbourne,9,8,1,3000,7000,1472676878,1,256
634,U24V2QUKC,jerusalem,porto,9,15,1,13700,3000,1472235631,2,257
635,U24V2QUKC,jerusalem,porto alegre,9,15,1,1800,7000,1472235639,2,258
636,U24V2QUKC,jerusalem,porto alegre,9,15,1,1800,500,1472235640,2,258
637,U24V2QUKC,jerusalem,porto alegre,9,15,1,1800,4500,1472235640,2,258
638,U24V2QUKC,jerusalem,porto alegre,9,15,1,2000,4000,1472235641,2,258
639,U24V2QUKC,jerusalem,porto alegre,9,15,1,2000,3000,1472235644,2,258
640,U24V2QUKC,jerusalem,porto alegre,9,15,1,2000,5000,1472235644,2,258
641,U24V2QUKC,jerusalem,santo domingo,9,15,1,2000,6000,1472235735,2,259
642,U24V2QUKC,jerusalem,santo domingo,9,15,1,2700,7000,1472235737,2,259
643,U24V2QUKC,jerusalem,santo domingo,9,15,1,2700,8500,1472235756,1,259
644,U24V2QUKC,jerusalem,santo domingo,9,15,1,2700,7000,1472235756,7,259
645,U2709166N,jerusalem,sydney,9,8,1,3800,8000,1472676852,1,260
646,U2709166N,kingston,Punta Cana,9,8,4,3000,1000,1471977896,0,261
647,U2709166N,kingston,Punta Cana,9,8,4,3000,4000,1471977897,0,261
648,U2709166N,kingston,Punta Cana,9,8,4,3000,3213,1471977897,0,261
649,U2709166N,kingston,Punta Cana,9,8,4,3000,3213,1471977898,0,261
650,U2709166N,kingston,Punta Cana,9,8,4,3000,3213,1471977898,0,261
651,U2709166N,kingston,Punta Cana,9,8,4,13200,3213,1471977910,0,261
652,U2709166N,kingston,Punta Cana,9,8,4,13200,3213,1471977912,0,261
653,U2709166N,kingston,Punta Cana,9,8,4,3000,1000,1471977896,0,261
654,U2709166N,kingston,Punta Cana,9,8,4,3000,4000,1471977897,0,261
655,U2709166N,kingston,Punta Cana,9,8,4,3000,3213,1471977897,0,261
656,U2709166N,kingston,Punta Cana,9,8,4,3000,3213,1471977898,0,261
657,U2709166N,kingston,Punta Cana,9,8,4,3000,3213,1471977898,0,261
658,U2709166N,kingston,Punta Cana,9,8,4,13200,3213,1471977910,0,261
659,U2709166N,kingston,Punta Cana,9,8,4,13200,3213,1471977912,0,261
660,U22HTHYNP,kingston,Washington,8,18,1,12600,1700,1471281154,4,262
661,U22HTHYNP,kingston,columbo,8,18,1,12600,1700,1471280995,4,263
662,U2709166N,kingston,salvador,8,31,1,2500,1,1472670312,6,264
663,U22K1SX9N,kobe,belem,9,2,6,3000,1000,1472140319,0,265
664,U22K1SX9N,kobe,belem,9,2,6,3000,1000,1472140319,0,265
665,U22K1SX9N,kobe,belem,9,2,6,3000,1000,1472140319,0,265
666,U22K1SX9N,kobe,kingston,9,2,1,5800,3213,1472226654,0,266
667,U22K1SX9N,kobe,kingston,9,2,1,5000,3213,1472226897,0,266
668,U22K1SX9N,kobe,kingston,9,2,1,5000,3213,1472228099,0,266
669,U22K1SX9N,kobe,leon,9,2,6,2700,8500,1472140017,7,267
670,U22K1SX9N,kobe,leon,9,2,6,9700,7000,1472140236,7,267
671,U22K1SX9N,kobe,leon,9,2,6,13200,3213,1472141467,0,267
672,U22K1SX9N,kobe,leon,9,2,6,6000,3213,1472141531,2,267
673,U22K1SX9N,kobe,leon,9,2,6,9700,7000,1472140236,7,267
674,U22K1SX9N,kobe,leon,9,2,6,13200,3213,1472141467,0,267
675,U22K1SX9N,kobe,leon,9,2,6,6000,3213,1472141531,2,267
676,U22K1SX9N,kobe,leon,9,2,6,9700,7000,1472140236,7,267
677,U22K1SX9N,kobe,leon,9,2,6,13200,3213,1472141467,0,267
678,U22K1SX9N,kobe,leon,9,2,6,6000,3213,1472141531,2,267
679,U22K1SX9N,kobe,leon,9,2,6,6000,3213,1472141531,2,267
680,U22K1SX9N,kobe,rosario,9,2,6,3000,3213,1472140662,0,268
681,U22K1SX9N,kobe,rosario,9,2,6,3000,3213,1472140662,0,268
682,U22K1SX9N,kobe,rosario,9,2,6,3000,3213,1472140926,0,268
683,U22K1SX9N,kobe,rosario,9,2,6,13200,3213,1472140968,0,268
684,U22K1SX9N,kobe,rosario,9,2,6,3000,3213,1472140662,0,268
685,U22K1SX9N,kobe,rosario,9,2,6,3000,3213,1472140662,0,268
686,U22K1SX9N,kobe,rosario,9,2,6,3000,3213,1472140926,0,268
687,U22K1SX9N,kobe,rosario,9,2,6,13200,3213,1472140968,0,268
688,U22K1SX9N,kobe,rosario,9,2,6,3000,3213,1472140662,0,268
689,U22K1SX9N,kobe,rosario,9,2,6,3000,3213,1472140662,0,268
690,U22K1SX9N,kobe,rosario,9,2,6,3000,3213,1472140926,0,268
691,U22K1SX9N,kobe,rosario,9,2,6,13200,3213,1472140968,0,268
692,U22K1SX9N,kobe,rosarioe,9,2,6,3000,4000,1472140638,0,269
693,U22K1SX9N,kobe,rosarioe,9,2,6,3000,4000,1472140638,0,269
694,U22K1SX9N,kobe,rosarioe,9,2,6,3000,4000,1472140638,0,269
695,U22K1SX9N,la paz,indianapolis,9,2,1,5800,6000,1472226110,2,270
696,U22K1SX9N,la paz,indianapolis,9,2,1,5800,7000,1472226199,2,270
697,U22K1SX9N,la paz,indianapolis,9,2,1,5800,8500,1472226199,1,270
698,U22K1SX9N,la paz,indianapolis,9,2,1,5800,7000,1472226200,7,270
699,U22K1SX9N,la paz,indianapolis,9,2,1,5800,1000,1472226200,0,270
700,U22K1SX9N,la paz,indianapolis,9,2,1,5800,4000,1472226205,0,270
701,U22K1SX9N,la paz,indianapolis,9,2,1,3000,3213,1472226225,0,270
702,U22K1SX9N,la paz,indianapolis,9,2,1,3000,3213,1472226252,0,270
703,U22K1SX9N,la paz,nagoya,9,2,1,5800,7000,1472226026,1,271
704,U22K1SX9N,la paz,nagoya,9,2,1,5800,500,1472226052,1,271
705,U22K1SX9N,la paz,nagoya,9,2,1,5800,4500,1472226060,12,271
706,U22K1SX9N,la paz,nagoya,9,2,1,5800,4000,1472226061,12,271
707,U22K1SX9N,la paz,nagoya,9,2,1,5800,3000,1472226061,2,271
708,U22K1SX9N,la paz,nagoya,9,2,1,5800,5000,1472226062,2,271
709,U231PNNA3,lima,Punta Cana,8,31,2,9700,8500,1471979188,7,272
710,U231PNNA3,lima,Punta Cana,8,31,2,9700,7000,1471979232,7,272
711,U231PNNA3,lima,Punta Cana,8,31,2,9700,8500,1471979188,7,272
712,U231PNNA3,lima,Punta Cana,8,31,2,9700,7000,1471979232,7,272
713,U231PNNA3,lima,santa cruz,8,31,2,9700,3200,1471979111,7,273
714,U231PNNA3,lima,santa cruz,8,31,2,9700,5000,1471979128,7,273
715,U231PNNA3,lima,santa cruz,8,31,2,9700,6000,1471979152,7,273
716,U231PNNA3,lima,santa cruz,8,31,2,9700,7000,1471979168,7,273
717,U231PNNA3,lima,santa cruz,8,31,2,9700,5000,1471979128,7,273
718,U231PNNA3,lima,santa cruz,8,31,2,9700,6000,1471979152,7,273
719,U231PNNA3,lima,santa cruz,8,31,2,9700,7000,1471979168,7,273
720,U24V2QUKC,london,rome,8,31,1,5600,3200,1471880274,7,274
721,U24V2QUKC,london,rome,8,31,2,18600,3200,1471880439,4,274
722,U24V2QUKC,london,rome,8,31,1,5600,3200,1471880274,7,274
723,U24V2QUKC,london,rome,8,31,2,18600,3200,1471880439,4,274
724,U24V2QUKC,london,rome,8,31,2,18600,3200,1471880439,4,274
725,U24V2QUKC,london,rome,8,31,2,18600,3200,1471880439,4,274
726,U22K1SX9N,madrid,sydney,9,2,6,2700,6000,1472139745,7,275
727,U22K1SX9N,madrid,sydney,9,2,6,2700,7000,1472139748,7,275
728,U22K1SX9N,melbourne,fukuoka,8,24,5,3600,1,1472134700,4,276
729,U24V2QUKC,mexico city,Kobe,9,8,1,3100,4500,1472244479,1,277
730,U22K1SX9N,mexico city,brasilia,8,29,2,4000,3000,1472495113,1,278
731,U24V2QUKC,mexico city,ciudad juarez,9,8,1,3100,500,1472244175,1,279
732,U24V2QUKC,mexico city,ciudad juarez,9,8,1,3100,4000,1472244591,1,279
733,U22K1SX9N,mexico city,paris,8,29,2,4000,7000,1472495365,1,280
734,U22K1SX9N,mexico city,paris,8,29,2,3800,500,1472495522,1,280
735,U21RP4FCY,mexico city,porto alegre,8,13,1,3000,1700,1471282812,4,281
736,U21RP4FCY,mexico city,porto alegre,8,13,1,3000,1700,1471282871,4,281
737,U24V2QUKC,minneapolis,fortaleza,8,30,1,1400,4000,1472157869,1,282
738,U2709166N,minneapolis,las vegas,8,31,1,4500,13000,1472669596,6,283
739,U24V2QUKC,minneapolis,puebla,8,30,1,1400,3000,1472157973,1,284
740,U2709166N,minneapolis,tampa,8,31,1,2500,2000,1472669545,6,285
741,U23KR88NT,monterrey,brasilia,8,27,5,3800,3200,1471894490,2,286
742,U23KR88NT,monterrey,porto alegre,8,27,1,3800,2500,1471893613,7,287
743,U23KR88NT,monterrey,porto alegre,8,27,5,3800,850,1471893691,3,287
744,U24V2QUKC,monterrey,porto alegre,9,15,1,400,1000,1472236931,0,288
745,U24V2QUKC,monterrey,porto alegre,9,15,1,400,4000,1472236931,0,288
746,U23KR88NT,monterrey,punta cana,8,27,5,3800,1200,1471894325,3,289
747,U24V2QUKC,monterrey,santo domingo,9,15,1,400,7000,1472236931,7,290
748,U24V2QUKC,monterrey,santo domingo,9,15,1,400,3213,1472236932,0,290
749,U24V2QUKC,monterrey,sao paulo,9,15,1,400,3213,1472236960,0,291
750,U23KR88NT,montreal,sydney,8,15,2,1400,7000,1472052374,2,292
751,U22HTHYNP,mos eisley,boston,8,15,1,6000,1700,1471294960,4,293
752,U23KPC9QV,new york,burlington,8,28,4,23300,3200,1471892201,2,294
753,U23KPC9QV,new york,naples,8,28,4,10000,3200,1471892212,2,295
754,U22K1SX9N,north vancouver,Manaus,9,6,1,4800,1,1472850767,6,296
755,U22K1SX9N,north vancouver,Marseille,9,6,1,1000,2000,1472850774,6,297
756,U22K1SX9N,north vancouver,Porto Alegre,9,6,1,200,8000,1472850799,5,298
757,U22K1SX9N,north vancouver,Rosario,9,6,1,500,13000,1472850785,6,299
758,U22K1SX9N,north vancouver,Tijuana,9,6,1,130,5000,1472850813,5,300
759,U22K1SX9N,north vancouver,rosario,9,6,1,100,13000,1472850794,5,301
760,U22K1SX9N,paris,Tijuana,8,25,2,4000,2000,1471983711,2,302
761,U22K1SX9N,paris,san jose,8,25,2,8600,1,1471983480,2,303
762,U2AMZ8TLK,paris,san juan,9,26,1,7600,13000,1473708247,4,304
763,U2AMZ8TLK,paris,san juan,9,26,1,9100,3000,1473708738,4,304
764,U22K1SX9N,philadelphia,Montreal,8,30,2,2600,3000,1472484067,1,305
765,U22K1SX9N,philadelphia,phoenix,8,30,2,2600,4000,1472483628,1,306
766,U22K1SX9N,phoenix,burlington,9,13,1,9700,13000,1472505461,1,307
767,U22K1SX9N,phoenix,kobe,9,13,1,3300,1,1472505195,1,308
768,U22K1SX9N,phoenix,kobe,9,13,1,9700,3000,1472505306,1,308
769,U22K1SX9N,phoenix,kobe,9,13,1,9700,13000,1472505306,1,308
770,U22K1SX9N,pittsburgh,leon,9,8,1,4500,1000,1472481211,0,309
771,U22K1SX9N,pittsburgh,leon,9,8,1,4500,1000,1472481211,0,309
772,U22HTHYNP,porto alegre,boston,8,15,1,6000,1700,1471294834,4,310
773,U22K1SX9N,porto alegre,paris,8,30,1,4600,5000,1472157941,1,311
774,U231PNNA3,punta cana,kobe,9,8,1,1700,6000,1472754071,1,312
775,U231PNNA3,punta cana,kobe,9,8,1,3000,7000,1472754071,1,312
776,U231PNNA3,punta cana,kobe,9,8,2,4500,1000,1472754119,5,312
777,U231PNNA3,punta cana,kobe,9,8,2,4500,1000,1472754119,5,312
778,U231PNNA3,punta cana,kobe,9,8,2,4500,1000,1472754119,5,312
779,U2AMZ8TLK,punta cana,los angeles,9,20,4,4300,9000,1473282390,7,313
780,U2AMZ8TLK,punta cana,los angeles,9,20,4,1200,8000,1473282393,7,313
781,U2AMZ8TLK,punta cana,los angeles,9,20,4,1200,7000,1473282394,7,313
782,U2AMZ8TLK,punta cana,los angeles,9,20,4,5800,3213,1473282649,0,313
783,U2AMZ8TLK,punta cana,los angeles,9,20,4,1200,3213,1473282677,0,313
784,U2AMZ8TLK,punta cana,los angeles,9,20,4,5000,3213,1473282725,0,313
785,U2AMZ8TLK,punta cana,los angeles,9,20,4,6000,3213,1473282677,2,313
786,U2AMZ8TLK,punta cana,los angeles,9,20,4,5724,3213,1473282725,2,313
787,U2AMZ8TLK,punta cana,los angeles,9,20,4,6000,3213,1473282677,2,313
788,U2AMZ8TLK,punta cana,los angeles,9,20,4,5724,3213,1473282725,2,313
789,U2AMZ8TLK,punta cana,los angeles,9,20,4,6000,3213,1473282677,2,313
790,U2AMZ8TLK,punta cana,los angeles,9,20,4,5724,3213,1473282725,2,313
791,U2AMZ8TLK,punta cana,los angeles,9,20,4,6000,3213,1473282677,2,313
792,U2AMZ8TLK,punta cana,los angeles,9,20,4,5724,3213,1473282725,2,313
793,U2AMZ8TLK,punta cana,los angeles,9,20,4,6000,3213,1473282677,2,313
794,U2AMZ8TLK,punta cana,los angeles,9,20,4,5724,3213,1473282725,2,313
795,U2AMZ8TLK,punta cana,los angeles,9,20,4,6000,3213,1473282677,2,313
796,U2AMZ8TLK,punta cana,los angeles,9,20,4,5724,3213,1473282725,2,313
797,U2AMZ8TLK,punta cana,los angeles,9,20,4,6000,3213,1473282677,2,313
798,U2AMZ8TLK,punta cana,los angeles,9,20,4,5724,3213,1473282725,2,313
799,U2AMZ8TLK,punta cana,los angeles,9,20,4,6000,3213,1473282677,2,313
800,U2AMZ8TLK,punta cana,los angeles,9,20,4,5724,3213,1473282725,2,313
801,U2AMZ8TLK,punta cana,los angeles,9,20,4,6000,3213,1473282677,2,313
802,U2AMZ8TLK,punta cana,los angeles,9,20,4,5724,3213,1473282725,2,313
803,U2AMZ8TLK,punta cana,punta cana,9,20,4,7400,6000,1473282407,5,314
804,U2AMZ8TLK,punta cana,punta cana,9,20,4,2300,7000,1473282419,5,314
805,U2AMZ8TLK,punta cana,punta cana,9,20,4,2300,1000,1473282521,7,314
806,U2AMZ8TLK,punta cana,punta cana,9,20,4,4500,4000,1473282529,7,314
807,U2AMZ8TLK,punta cana,punta cana,9,20,4,4500,3213,1473282537,7,314
808,U2AMZ8TLK,punta cana,punta cana,9,20,4,4500,3213,1473282546,0,314
809,U2AMZ8TLK,punta cana,punta cana,9,20,4,6000,3213,1473282732,2,314
810,U2AMZ8TLK,punta cana,punta cana,9,20,4,6000,3213,1473282740,2,314
811,U2AMZ8TLK,punta cana,punta cana,9,20,4,5724,3213,1473282732,2,314
812,U2AMZ8TLK,punta cana,punta cana,9,20,4,5724,3213,1473282740,2,314
813,U2AMZ8TLK,punta cana,punta cana,9,20,4,5724,3213,1473282781,2,314
814,U2AMZ8TLK,punta cana,punta cana,9,20,4,5724,3213,1473282788,2,314
815,U2AMZ8TLK,punta cana,punta cana,9,20,4,6000,3213,1473282740,2,314
816,U2AMZ8TLK,punta cana,punta cana,9,20,4,5724,3213,1473282732,2,314
817,U2AMZ8TLK,punta cana,punta cana,9,20,4,5724,3213,1473282740,2,314
818,U2AMZ8TLK,punta cana,punta cana,9,20,4,5724,3213,1473282781,2,314
819,U2AMZ8TLK,punta cana,punta cana,9,20,4,5724,3213,1473282788,2,314
820,U2AMZ8TLK,punta cana,punta cana,9,20,4,6000,3213,1473282740,2,314
821,U2AMZ8TLK,punta cana,punta cana,9,20,4,5724,3213,1473282732,2,314
822,U2AMZ8TLK,punta cana,punta cana,9,20,4,5724,3213,1473282740,2,314
823,U2AMZ8TLK,punta cana,punta cana,9,20,4,5724,3213,1473282781,2,314
824,U2AMZ8TLK,punta cana,punta cana,9,20,4,5724,3213,1473282788,2,314
825,U2AMZ8TLK,punta cana,punta cana,9,20,4,6000,3213,1473282740,2,314
826,U2AMZ8TLK,punta cana,punta cana,9,20,4,5724,3213,1473282732,2,314
827,U2AMZ8TLK,punta cana,punta cana,9,20,4,5724,3213,1473282740,2,314
828,U2AMZ8TLK,punta cana,punta cana,9,20,4,5724,3213,1473282781,2,314
829,U2AMZ8TLK,punta cana,punta cana,9,20,4,5724,3213,1473282788,2,314
830,U2AMZ8TLK,punta cana,punta cana,9,20,4,6000,3213,1473282740,2,314
831,U2AMZ8TLK,punta cana,punta cana,9,20,4,5724,3213,1473282732,2,314
832,U2AMZ8TLK,punta cana,punta cana,9,20,4,5724,3213,1473282740,2,314
833,U2AMZ8TLK,punta cana,punta cana,9,20,4,5724,3213,1473282781,2,314
834,U2AMZ8TLK,punta cana,punta cana,9,20,4,5724,3213,1473282788,2,314
835,U2AMZ8TLK,punta cana,punta cana,9,20,4,6000,3213,1473282740,2,314
836,U2AMZ8TLK,punta cana,punta cana,9,20,4,5724,3213,1473282732,2,314
837,U2AMZ8TLK,punta cana,punta cana,9,20,4,5724,3213,1473282740,2,314
838,U2AMZ8TLK,punta cana,punta cana,9,20,4,5724,3213,1473282781,2,314
839,U2AMZ8TLK,punta cana,punta cana,9,20,4,5724,3213,1473282788,2,314
840,U2AMZ8TLK,punta cana,punta cana,9,20,4,6000,3213,1473282740,2,314
841,U2AMZ8TLK,punta cana,punta cana,9,20,4,5724,3213,1473282732,2,314
842,U2AMZ8TLK,punta cana,punta cana,9,20,4,5724,3213,1473282740,2,314
843,U2AMZ8TLK,punta cana,punta cana,9,20,4,5724,3213,1473282781,2,314
844,U2AMZ8TLK,punta cana,punta cana,9,20,4,5724,3213,1473282788,2,314
845,U2AMZ8TLK,punta cana,punta cana,9,20,4,6000,3213,1473282740,2,314
846,U2AMZ8TLK,punta cana,punta cana,9,20,4,5724,3213,1473282732,2,314
847,U2AMZ8TLK,punta cana,punta cana,9,20,4,5724,3213,1473282740,2,314
848,U2AMZ8TLK,punta cana,punta cana,9,20,4,5724,3213,1473282781,2,314
849,U2AMZ8TLK,punta cana,punta cana,9,20,4,5724,3213,1473282788,2,314
850,U2AMZ8TLK,punta cana,punta cana,9,20,4,6000,3213,1473282740,2,314
851,U2AMZ8TLK,punta cana,punta cana,9,20,4,5724,3213,1473282732,2,314
852,U2AMZ8TLK,punta cana,punta cana,9,20,4,5724,3213,1473282740,2,314
853,U2AMZ8TLK,punta cana,punta cana,9,20,4,5724,3213,1473282781,2,314
854,U2AMZ8TLK,punta cana,punta cana,9,20,4,5724,3213,1473282788,2,314
855,U22K1SX9N,recife,goiania,8,29,2,3800,3000,1472495506,3,315
856,U22K1SX9N,recife,goiania,8,29,2,3800,5000,1472495531,3,315
857,U22K1SX9N,recife,phoenix,8,29,2,3800,4500,1472495199,3,316
858,U22K1SX9N,recife,phoenix,8,29,2,3800,4000,1472495265,3,316
859,U22HTHYNP,rome,boston,8,15,1,6000,1700,1471294968,4,317
860,U22HTHYNP,rome,boston,8,15,1,6000,1700,1471294976,4,317
861,U22HTHYNP,rome,porto alegre,8,15,1,6000,3213,1471295169,0,318
862,U22HTHYNP,rome,porto alegre,8,15,6,6000,3213,1471295298,0,318
863,U22HTHYNP,rome,porto alegre,8,15,6,3700,3213,1471295397,0,318
864,U22HTHYNP,rome,porto alegre,8,15,6,3700,3213,1471295397,0,318
865,U22HTHYNP,rome,porto alegre,8,15,6,3700,3213,1471295397,0,318
866,U24V2QUKC,salvador,miami,8,30,2,4200,1800,1472068980,2,319
867,U24V2QUKC,salvador,miami,8,30,2,4200,3200,1472069187,7,319
868,U24V2QUKC,salvador,miami,8,30,2,5000,5000,1472069201,7,319
869,U24V2QUKC,salvador,miami,8,30,2,4200,6000,1472069214,7,319
870,U24V2QUKC,salvador,miami,8,30,2,9700,7000,1472069242,7,319
871,U23KR88NT,san francisco,Montreal,9,2,1,2700,1800,1472140489,2,320
872,U22K1SX9N,san francisco,baltimore,9,6,4,9700,3200,1471988013,7,321
873,U22K1SX9N,san francisco,miami,9,6,4,4000,1800,1471987972,2,322
874,U23KR88NT,san francisco,paris,9,2,1,2700,5000,1472140711,7,323
875,U23KR88NT,san francisco,sydney,9,2,1,3600,7500,1472140512,2,324
876,U23KR88NT,san francisco,sydney,9,2,1,2700,3200,1472140512,7,324
877,U24V2QUKC,santiago,Queenstown,8,15,7,2000,1,1472057129,2,325
878,U24V2QUKC,santiago,Queenstown,8,15,7,2000,1000,1472057129,2,325
879,U24V2QUKC,santiago,Queenstown,8,15,7,11300,5000,1472057153,2,325
880,U24V2QUKC,santiago,Queenstown,8,15,7,12800,2000,1472057765,2,325
881,U231PNNA3,santiago,hamburg,9,9,6,4900,3000,1471967414,5,326
882,U231PNNA3,santiago,rome,9,9,6,6700,1,1471967086,4,327
883,U231PNNA3,santiago,rome,9,9,6,4900,10000,1471967180,5,327
884,U231PNNA3,santiago,rome,9,9,6,4900,7000,1471967195,5,327
885,U2709166N,santo domingo,Sacramento,9,15,4,4300,13000,1473275784,3,328
886,U260BGVS6,sendai,rio de janeiro,9,13,2,3800,9000,1472504660,5,329
887,U260BGVS6,sendai,rio de janeiro,9,13,2,3800,8000,1472504662,5,329
888,U260BGVS6,sendai,rio de janeiro,9,13,2,3800,9000,1472504660,5,329
889,U260BGVS6,sendai,rio de janeiro,9,13,2,3800,8000,1472504662,5,329
890,U260BGVS6,sendai,sacramento,9,13,2,3800,7000,1472504771,5,330
891,U260BGVS6,sendai,sacramento,9,13,2,4500,6000,1472504774,5,330
892,U260BGVS6,sendai,sacramento,9,13,2,4500,7000,1472504800,5,330
893,U260BGVS6,sendai,sacramento,9,13,2,4500,1000,1472504865,5,330
894,U260BGVS6,sendai,sacramento,9,13,2,4500,4000,1472504920,5,330
895,U260BGVS6,sendai,sacramento,9,13,2,3800,7000,1472504771,5,330
896,U260BGVS6,sendai,sacramento,9,13,2,4500,6000,1472504774,5,330
897,U260BGVS6,sendai,sacramento,9,13,2,4500,7000,1472504800,5,330
898,U260BGVS6,sendai,sacramento,9,13,2,4500,1000,1472504865,5,330
899,U260BGVS6,sendai,sacramento,9,13,2,4500,4000,1472504920,5,330
900,U260BGVS6,sendai,sacramento,9,13,2,4500,1000,1472504865,5,330
901,U260BGVS6,sendai,sacramento,9,13,2,4500,4000,1472504920,5,330
902,U260BGVS6,sendai,sacramento,9,13,2,4500,1000,1472504865,5,330
903,U260BGVS6,sendai,sacramento,9,13,2,4500,4000,1472504920,5,330
904,U260BGVS6,sendai,sacramento,9,13,2,4500,1000,1472504865,5,330
905,U260BGVS6,sendai,sacramento,9,13,2,4500,4000,1472504920,5,330
906,U260BGVS6,sendai,sacramento,9,13,2,4500,1000,1472504865,5,330
907,U260BGVS6,sendai,sacramento,9,13,2,4500,4000,1472504920,5,330
908,U260BGVS6,sendai,vancouver,9,13,2,2300,8000,1472504409,5,331
909,U260BGVS6,sendai,vancouver,9,13,2,3800,5000,1472504505,5,331
910,U260BGVS6,sendai,vancouver,9,13,2,3800,10000,1472504507,5,331
911,U2AMZ8TLK,st. louis,kabul,9,15,1,6800,1,1473277058,1,332
912,U2709166N,st. louis,rosario,9,1,1,3600,3000,1473457064,7,333
913,U260BGVS6,st. petersburg,athens,8,29,3,15000,7000,1472487725,6,334
914,U260BGVS6,st. petersburg,brasilia,8,29,3,15000,3000,1472487524,6,335
915,U260BGVS6,st. petersburg,osaka,8,29,3,15000,1,1472487419,6,336
916,U24V2QUKC,tampa,ciudad juarez,9,8,1,3000,4000,1472066536,0,337
917,U24V2QUKC,tampa,ciudad juarez,9,8,1,3000,4000,1472066536,0,337
918,U24V2QUKC,tampa,lima,9,8,1,3000,1000,1472066142,0,338
919,U24V2QUKC,tampa,lima,9,8,1,3000,1000,1472066142,0,338
920,U24V2QUKC,tampa,long beach,9,8,1,9700,8500,1472065874,7,339
921,U24V2QUKC,tampa,long beach,9,8,1,9700,7000,1472065907,7,339
922,U24V2QUKC,tampa,long beach,9,8,1,9700,8500,1472065874,7,339
923,U24V2QUKC,tampa,long beach,9,8,1,9700,7000,1472065907,7,339
924,U24V2QUKC,tampa,marseille,8,27,1,13200,3213,1472064504,0,340
925,U24V2QUKC,tampa,marseille,8,27,1,13200,3213,1472064509,0,340
926,U24V2QUKC,tampa,marseille,8,27,1,13200,3213,1472064504,0,340
927,U24V2QUKC,tampa,marseille,8,27,1,13200,3213,1472064509,0,340
928,U24V2QUKC,tampa,milan,9,8,1,5000,6000,1472065500,7,341
929,U24V2QUKC,tampa,phoenix,9,8,1,9700,7000,1472065688,7,342
930,U24V2QUKC,tampa,santo domingo,9,8,1,5000,3200,1472065100,7,343
931,U24V2QUKC,tampa,santo domingo,9,8,1,5000,5000,1472065100,7,343
932,U24V2QUKC,tampa,santo domingo,9,8,1,3000,3213,1472067296,0,343
933,U24V2QUKC,tampa,santo domingo,9,8,1,3000,3213,1472067388,0,343
934,U24V2QUKC,tampa,santo domingo,9,8,1,3000,3213,1472067405,0,343
935,U24V2QUKC,tampa,santo domingo,9,8,1,3000,3213,1472067296,0,343
936,U24V2QUKC,tampa,santo domingo,9,8,1,3000,3213,1472067388,0,343
937,U24V2QUKC,tampa,santo domingo,9,8,1,3000,3213,1472067405,0,343
938,U24V2QUKC,tampa,santo dominican,9,8,1,5000,1800,1472064865,2,344
939,U2709166N,tel aviv,Vancouver,9,6,1,3600,3000,1473698794,7,345
940,U22K1SX9N,tijuana,buenos aires,8,27,2,15000,500,1472485192,6,346
941,U22K1SX9N,tijuana,curitiba,9,8,1,4500,3213,1472481665,0,347
942,U22K1SX9N,tijuana,curitiba,9,8,1,4500,3213,1472481665,0,347
943,U22K1SX9N,tijuana,curitiba,9,8,1,4500,3213,1472481665,0,347
944,U22K1SX9N,tijuana,curitiba,9,8,1,4500,3213,1472481665,0,347
945,U22K1SX9N,tijuana,curitiba,9,8,1,4500,3213,1472481665,0,347
946,U22K1SX9N,tijuana,curitiba,9,8,1,4500,3213,1472481665,0,347
947,U22K1SX9N,tijuana,curitiba,9,8,1,4500,3213,1472481665,0,347
948,U22K1SX9N,tijuana,curitiba,9,8,1,4500,3213,1472481665,0,347
949,U22K1SX9N,tijuana,curitiba,9,8,1,4500,3213,1472481665,0,347
950,U22K1SX9N,tijuana,curitiba,9,8,1,4500,3213,1472481665,0,347
951,U22K1SX9N,tijuana,curitiba,9,8,1,4500,3213,1472481665,0,347
952,U22K1SX9N,tijuana,curitiba,9,8,1,4500,3213,1472481665,0,347
953,U22K1SX9N,tijuana,curitiba,9,8,1,4500,3213,1472481665,0,347
954,U22K1SX9N,tijuana,curitiba,9,8,1,4500,3213,1472481665,0,347
955,U22K1SX9N,tijuana,curitiba,9,8,1,4500,3213,1472481665,0,347
956,U22K1SX9N,tijuana,curitiba,9,8,1,4500,3213,1472481665,0,347
957,U22K1SX9N,tijuana,curitiba,9,8,1,4500,3213,1472481665,0,347
958,U22K1SX9N,tijuana,curitiba,9,8,1,4500,3213,1472481665,0,347
959,U22K1SX9N,tijuana,curitiba,9,8,1,4500,3213,1472481665,0,347
960,U22K1SX9N,tijuana,curitiba,9,8,1,4500,3213,1472481665,0,347
961,U22K1SX9N,tijuana,kyoto,9,8,1,4500,3213,1472481483,0,348
962,U22K1SX9N,tijuana,kyoto,9,8,1,4500,3213,1472481483,0,348
963,U22K1SX9N,tijuana,kyoto,9,8,1,4500,3213,1472481483,0,348
964,U22K1SX9N,tijuana,kyoto,9,8,1,4500,3213,1472481483,0,348
965,U22K1SX9N,tijuana,kyoto,9,8,1,4500,3213,1472481483,0,348
966,U22K1SX9N,tijuana,kyoto,9,8,1,4500,3213,1472481483,0,348
967,U22K1SX9N,tijuana,kyoto,9,8,1,4500,3213,1472481483,0,348
968,U22K1SX9N,tijuana,kyoto,9,8,1,4500,3213,1472481483,0,348
969,U22K1SX9N,tijuana,kyoto,9,8,1,4500,3213,1472481483,0,348
970,U22K1SX9N,tijuana,kyoto,9,8,1,4500,3213,1472481483,0,348
971,U22K1SX9N,tijuana,kyoto,9,8,1,4500,3213,1472481483,0,348
972,U22K1SX9N,tijuana,kyoto,9,8,1,4500,3213,1472481483,0,348
973,U22K1SX9N,tijuana,kyoto,9,8,1,4500,3213,1472481483,0,348
974,U22K1SX9N,tijuana,manas,9,8,1,4500,7000,1472481199,7,349
975,U22K1SX9N,tijuana,manas,9,8,1,4500,7000,1472481199,7,349
976,U22K1SX9N,tijuana,pittsburgh,9,8,1,4500,4000,1472481306,0,350
977,U22K1SX9N,tijuana,pittsburgh,9,8,1,4500,4000,1472481306,0,350
978,U23KR88NT,tijuana,punta cana,8,15,1,5000,7000,1472066101,2,351
979,U2709166N,tofino,melbourne,9,8,1,4500,1000,1472676958,5,352
980,U2709166N,tofino,melbourne,9,8,1,4500,1000,1472676958,5,352
981,U22K1SX9N,tofino,sao paulo,8,28,4,3000,3213,1472231210,0,353
982,U22K1SX9N,tofino,sao paulo,8,28,4,5800,3213,1472231211,0,353
983,U22K1SX9N,tofino,sao paulo,8,28,4,5000,3213,1472231212,0,353
984,U22K1SX9N,tofino,sao paulo,8,28,4,5000,3213,1472231237,0,353
985,U22K1SX9N,tofino,sao paulo,8,28,4,6000,3213,1472231267,2,353
986,U22K1SX9N,tofino,sao paulo,8,28,4,6000,3213,1472231268,2,353
987,U22K1SX9N,tofino,sao paulo,8,28,4,6000,3213,1472231275,2,353
988,U22K1SX9N,tofino,sao paulo,8,28,4,5724,3213,1472231279,2,353
989,U22K1SX9N,tofino,sao paulo,8,28,4,5724,3213,1472231322,2,353
990,U22K1SX9N,tofino,sao paulo,8,28,4,5724,3213,1472231323,2,353
991,U22K1SX9N,tofino,sao paulo,8,28,4,5724,3213,1472231323,2,353
992,U22K1SX9N,tofino,sao paulo,8,28,4,5724,3213,1472231324,2,353
993,U22K1SX9N,tofino,sao paulo,8,28,4,5724,3213,1472231409,2,353
994,U22K1SX9N,tofino,sao paulo,8,28,4,5724,3213,1472231448,2,353
995,U22K1SX9N,tofino,sao paulo,8,28,4,5724,3213,1472231448,2,353
996,U22K1SX9N,tofino,sao paulo,8,28,4,5724,3213,1472231552,2,353
997,U22K1SX9N,tofino,sao paulo,8,28,4,5724,3213,1472231553,2,353
998,U22K1SX9N,tofino,sao paulo,8,28,4,5800,3213,1472231211,0,353
999,U22K1SX9N,tofino,sao paulo,8,28,4,5000,3213,1472231212,0,353
1000,U22K1SX9N,tofino,sao paulo,8,28,4,5000,3213,1472231237,0,353
1001,U22K1SX9N,tofino,sao paulo,8,28,4,6000,3213,1472231267,2,353
1002,U22K1SX9N,tofino,sao paulo,8,28,4,6000,3213,1472231268,2,353
1003,U22K1SX9N,tofino,sao paulo,8,28,4,6000,3213,1472231275,2,353
1004,U22K1SX9N,tofino,sao paulo,8,28,4,5724,3213,1472231279,2,353
1005,U22K1SX9N,tofino,sao paulo,8,28,4,5724,3213,1472231322,2,353
1006,U22K1SX9N,tofino,sao paulo,8,28,4,5724,3213,1472231323,2,353
1007,U22K1SX9N,tofino,sao paulo,8,28,4,5724,3213,1472231323,2,353
1008,U22K1SX9N,tofino,sao paulo,8,28,4,5724,3213,1472231324,2,353
1009,U22K1SX9N,tofino,sao paulo,8,28,4,5724,3213,1472231409,2,353
1010,U22K1SX9N,tofino,sao paulo,8,28,4,5724,3213,1472231448,2,353
1011,U22K1SX9N,tofino,sao paulo,8,28,4,5724,3213,1472231448,2,353
1012,U22K1SX9N,tofino,sao paulo,8,28,4,5724,3213,1472231552,2,353
1013,U22K1SX9N,tofino,sao paulo,8,28,4,5724,3213,1472231553,2,353
1014,U22K1SX9N,tofino,sao paulo,8,28,4,5800,3213,1472231211,0,353
1015,U22K1SX9N,tofino,sao paulo,8,28,4,5000,3213,1472231212,0,353
1016,U22K1SX9N,tofino,sao paulo,8,28,4,5000,3213,1472231237,0,353
1017,U22K1SX9N,tofino,sao paulo,8,28,4,6000,3213,1472231267,2,353
1018,U22K1SX9N,tofino,sao paulo,8,28,4,6000,3213,1472231268,2,353
1019,U22K1SX9N,tofino,sao paulo,8,28,4,6000,3213,1472231275,2,353
1020,U22K1SX9N,tofino,sao paulo,8,28,4,5724,3213,1472231279,2,353
1021,U22K1SX9N,tofino,sao paulo,8,28,4,5724,3213,1472231322,2,353
1022,U22K1SX9N,tofino,sao paulo,8,28,4,5724,3213,1472231323,2,353
1023,U22K1SX9N,tofino,sao paulo,8,28,4,5724,3213,1472231323,2,353
1024,U22K1SX9N,tofino,sao paulo,8,28,4,5724,3213,1472231324,2,353
1025,U22K1SX9N,tofino,sao paulo,8,28,4,5724,3213,1472231409,2,353
1026,U22K1SX9N,tofino,sao paulo,8,28,4,5724,3213,1472231448,2,353
1027,U22K1SX9N,tofino,sao paulo,8,28,4,5724,3213,1472231448,2,353
1028,U22K1SX9N,tofino,sao paulo,8,28,4,5724,3213,1472231552,2,353
1029,U22K1SX9N,tofino,sao paulo,8,28,4,5724,3213,1472231553,2,353
1030,U22K1SX9N,tofino,sao paulo,8,28,4,5800,3213,1472231211,0,353
1031,U22K1SX9N,tofino,sao paulo,8,28,4,5000,3213,1472231212,0,353
1032,U22K1SX9N,tofino,sao paulo,8,28,4,5000,3213,1472231237,0,353
1033,U22K1SX9N,tofino,sao paulo,8,28,4,6000,3213,1472231267,2,353
1034,U22K1SX9N,tofino,sao paulo,8,28,4,6000,3213,1472231268,2,353
1035,U22K1SX9N,tofino,sao paulo,8,28,4,6000,3213,1472231275,2,353
1036,U22K1SX9N,tofino,sao paulo,8,28,4,5724,3213,1472231279,2,353
1037,U22K1SX9N,tofino,sao paulo,8,28,4,5724,3213,1472231322,2,353
1038,U22K1SX9N,tofino,sao paulo,8,28,4,5724,3213,1472231323,2,353
1039,U22K1SX9N,tofino,sao paulo,8,28,4,5724,3213,1472231323,2,353
1040,U22K1SX9N,tofino,sao paulo,8,28,4,5724,3213,1472231324,2,353
1041,U22K1SX9N,tofino,sao paulo,8,28,4,5724,3213,1472231409,2,353
1042,U22K1SX9N,tofino,sao paulo,8,28,4,5724,3213,1472231448,2,353
1043,U22K1SX9N,tofino,sao paulo,8,28,4,5724,3213,1472231448,2,353
1044,U22K1SX9N,tofino,sao paulo,8,28,4,5724,3213,1472231552,2,353
1045,U22K1SX9N,tofino,sao paulo,8,28,4,5724,3213,1472231553,2,353
1046,U22K1SX9N,tofino,sao paulo,8,28,4,5800,3213,1472231211,0,353
1047,U22K1SX9N,tofino,sao paulo,8,28,4,5000,3213,1472231212,0,353
1048,U22K1SX9N,tofino,sao paulo,8,28,4,5000,3213,1472231237,0,353
1049,U22K1SX9N,tofino,sao paulo,8,28,4,6000,3213,1472231267,2,353
1050,U22K1SX9N,tofino,sao paulo,8,28,4,6000,3213,1472231268,2,353
1051,U22K1SX9N,tofino,sao paulo,8,28,4,6000,3213,1472231275,2,353
1052,U22K1SX9N,tofino,sao paulo,8,28,4,5724,3213,1472231279,2,353
1053,U22K1SX9N,tofino,sao paulo,8,28,4,5724,3213,1472231322,2,353
1054,U22K1SX9N,tofino,sao paulo,8,28,4,5724,3213,1472231323,2,353
1055,U22K1SX9N,tofino,sao paulo,8,28,4,5724,3213,1472231323,2,353
1056,U22K1SX9N,tofino,sao paulo,8,28,4,5724,3213,1472231324,2,353
1057,U22K1SX9N,tofino,sao paulo,8,28,4,5724,3213,1472231409,2,353
1058,U22K1SX9N,tofino,sao paulo,8,28,4,5724,3213,1472231448,2,353
1059,U22K1SX9N,tofino,sao paulo,8,28,4,5724,3213,1472231448,2,353
1060,U22K1SX9N,tofino,sao paulo,8,28,4,5724,3213,1472231552,2,353
1061,U22K1SX9N,tofino,sao paulo,8,28,4,5724,3213,1472231553,2,353
1062,U22K1SX9N,tofino,sao paulo,8,28,4,5800,3213,1472231211,0,353
1063,U22K1SX9N,tofino,sao paulo,8,28,4,5000,3213,1472231212,0,353
1064,U22K1SX9N,tofino,sao paulo,8,28,4,5000,3213,1472231237,0,353
1065,U22K1SX9N,tofino,sao paulo,8,28,4,6000,3213,1472231267,2,353
1066,U22K1SX9N,tofino,sao paulo,8,28,4,6000,3213,1472231268,2,353
1067,U22K1SX9N,tofino,sao paulo,8,28,4,6000,3213,1472231275,2,353
1068,U22K1SX9N,tofino,sao paulo,8,28,4,5724,3213,1472231279,2,353
1069,U22K1SX9N,tofino,sao paulo,8,28,4,5724,3213,1472231322,2,353
1070,U22K1SX9N,tofino,sao paulo,8,28,4,5724,3213,1472231323,2,353
1071,U22K1SX9N,tofino,sao paulo,8,28,4,5724,3213,1472231323,2,353
1072,U22K1SX9N,tofino,sao paulo,8,28,4,5724,3213,1472231324,2,353
1073,U22K1SX9N,tofino,sao paulo,8,28,4,5724,3213,1472231409,2,353
1074,U22K1SX9N,tofino,sao paulo,8,28,4,5724,3213,1472231448,2,353
1075,U22K1SX9N,tofino,sao paulo,8,28,4,5724,3213,1472231448,2,353
1076,U22K1SX9N,tofino,sao paulo,8,28,4,5724,3213,1472231552,2,353
1077,U22K1SX9N,tofino,sao paulo,8,28,4,5724,3213,1472231553,2,353
1078,U22K1SX9N,tofino,sao paulo,8,28,4,5800,3213,1472231211,0,353
1079,U22K1SX9N,tofino,sao paulo,8,28,4,5000,3213,1472231212,0,353
1080,U22K1SX9N,tofino,sao paulo,8,28,4,5000,3213,1472231237,0,353
1081,U22K1SX9N,tofino,sao paulo,8,28,4,6000,3213,1472231267,2,353
1082,U22K1SX9N,tofino,sao paulo,8,28,4,6000,3213,1472231268,2,353
1083,U22K1SX9N,tofino,sao paulo,8,28,4,6000,3213,1472231275,2,353
1084,U22K1SX9N,tofino,sao paulo,8,28,4,5724,3213,1472231279,2,353
1085,U22K1SX9N,tofino,sao paulo,8,28,4,5724,3213,1472231322,2,353
1086,U22K1SX9N,tofino,sao paulo,8,28,4,5724,3213,1472231323,2,353
1087,U22K1SX9N,tofino,sao paulo,8,28,4,5724,3213,1472231323,2,353
1088,U22K1SX9N,tofino,sao paulo,8,28,4,5724,3213,1472231324,2,353
1089,U22K1SX9N,tofino,sao paulo,8,28,4,5724,3213,1472231409,2,353
1090,U22K1SX9N,tofino,sao paulo,8,28,4,5724,3213,1472231448,2,353
1091,U22K1SX9N,tofino,sao paulo,8,28,4,5724,3213,1472231448,2,353
1092,U22K1SX9N,tofino,sao paulo,8,28,4,5724,3213,1472231552,2,353
1093,U22K1SX9N,tofino,sao paulo,8,28,4,5724,3213,1472231553,2,353
1094,U22K1SX9N,tofino,sao paulo,8,28,4,5800,3213,1472231211,0,353
1095,U22K1SX9N,tofino,sao paulo,8,28,4,5000,3213,1472231212,0,353
1096,U22K1SX9N,tofino,sao paulo,8,28,4,5000,3213,1472231237,0,353
1097,U22K1SX9N,tofino,sao paulo,8,28,4,6000,3213,1472231267,2,353
1098,U22K1SX9N,tofino,sao paulo,8,28,4,6000,3213,1472231268,2,353
1099,U22K1SX9N,tofino,sao paulo,8,28,4,6000,3213,1472231275,2,353
1100,U22K1SX9N,tofino,sao paulo,8,28,4,5724,3213,1472231279,2,353
1101,U22K1SX9N,tofino,sao paulo,8,28,4,5724,3213,1472231322,2,353
1102,U22K1SX9N,tofino,sao paulo,8,28,4,5724,3213,1472231323,2,353
1103,U22K1SX9N,tofino,sao paulo,8,28,4,5724,3213,1472231323,2,353
1104,U22K1SX9N,tofino,sao paulo,8,28,4,5724,3213,1472231324,2,353
1105,U22K1SX9N,tofino,sao paulo,8,28,4,5724,3213,1472231409,2,353
1106,U22K1SX9N,tofino,sao paulo,8,28,4,5724,3213,1472231448,2,353
1107,U22K1SX9N,tofino,sao paulo,8,28,4,5724,3213,1472231448,2,353
1108,U22K1SX9N,tofino,sao paulo,8,28,4,5724,3213,1472231552,2,353
1109,U22K1SX9N,tofino,sao paulo,8,28,4,5724,3213,1472231553,2,353
1110,U22K1SX9N,tofino,sao paulo,8,28,4,5800,3213,1472231211,0,353
1111,U22K1SX9N,tofino,sao paulo,8,28,4,5000,3213,1472231212,0,353
1112,U22K1SX9N,tofino,sao paulo,8,28,4,5000,3213,1472231237,0,353
1113,U22K1SX9N,tofino,sao paulo,8,28,4,6000,3213,1472231267,2,353
1114,U22K1SX9N,tofino,sao paulo,8,28,4,6000,3213,1472231268,2,353
1115,U22K1SX9N,tofino,sao paulo,8,28,4,6000,3213,1472231275,2,353
1116,U22K1SX9N,tofino,sao paulo,8,28,4,5724,3213,1472231279,2,353
1117,U22K1SX9N,tofino,sao paulo,8,28,4,5724,3213,1472231322,2,353
1118,U22K1SX9N,tofino,sao paulo,8,28,4,5724,3213,1472231323,2,353
1119,U22K1SX9N,tofino,sao paulo,8,28,4,5724,3213,1472231323,2,353
1120,U22K1SX9N,tofino,sao paulo,8,28,4,5724,3213,1472231324,2,353
1121,U22K1SX9N,tofino,sao paulo,8,28,4,5724,3213,1472231409,2,353
1122,U22K1SX9N,tofino,sao paulo,8,28,4,5724,3213,1472231448,2,353
1123,U22K1SX9N,tofino,sao paulo,8,28,4,5724,3213,1472231448,2,353
1124,U22K1SX9N,tofino,sao paulo,8,28,4,5724,3213,1472231552,2,353
1125,U22K1SX9N,tofino,sao paulo,8,28,4,5724,3213,1472231553,2,353
1126,U22K1SX9N,tofino,sao paulo,8,28,4,5800,3213,1472231211,0,353
1127,U22K1SX9N,tofino,sao paulo,8,28,4,5000,3213,1472231212,0,353
1128,U22K1SX9N,tofino,sao paulo,8,28,4,5000,3213,1472231237,0,353
1129,U22K1SX9N,tofino,sao paulo,8,28,4,6000,3213,1472231267,2,353
1130,U22K1SX9N,tofino,sao paulo,8,28,4,6000,3213,1472231268,2,353
1131,U22K1SX9N,tofino,sao paulo,8,28,4,6000,3213,1472231275,2,353
1132,U22K1SX9N,tofino,sao paulo,8,28,4,5724,3213,1472231279,2,353
1133,U22K1SX9N,tofino,sao paulo,8,28,4,5724,3213,1472231322,2,353
1134,U22K1SX9N,tofino,sao paulo,8,28,4,5724,3213,1472231323,2,353
1135,U22K1SX9N,tofino,sao paulo,8,28,4,5724,3213,1472231323,2,353
1136,U22K1SX9N,tofino,sao paulo,8,28,4,5724,3213,1472231324,2,353
1137,U22K1SX9N,tofino,sao paulo,8,28,4,5724,3213,1472231409,2,353
1138,U22K1SX9N,tofino,sao paulo,8,28,4,5724,3213,1472231448,2,353
1139,U22K1SX9N,tofino,sao paulo,8,28,4,5724,3213,1472231448,2,353
1140,U22K1SX9N,tofino,sao paulo,8,28,4,5724,3213,1472231552,2,353
1141,U22K1SX9N,tofino,sao paulo,8,28,4,5724,3213,1472231553,2,353
1142,U22K1SX9N,tofino,sao paulo,8,28,4,5800,3213,1472231211,0,353
1143,U22K1SX9N,tofino,sao paulo,8,28,4,5000,3213,1472231212,0,353
1144,U22K1SX9N,tofino,sao paulo,8,28,4,5000,3213,1472231237,0,353
1145,U22K1SX9N,tofino,sao paulo,8,28,4,6000,3213,1472231267,2,353
1146,U22K1SX9N,tofino,sao paulo,8,28,4,6000,3213,1472231268,2,353
1147,U22K1SX9N,tofino,sao paulo,8,28,4,6000,3213,1472231275,2,353
1148,U22K1SX9N,tofino,sao paulo,8,28,4,5724,3213,1472231279,2,353
1149,U22K1SX9N,tofino,sao paulo,8,28,4,5724,3213,1472231322,2,353
1150,U22K1SX9N,tofino,sao paulo,8,28,4,5724,3213,1472231323,2,353
1151,U22K1SX9N,tofino,sao paulo,8,28,4,5724,3213,1472231323,2,353
1152,U22K1SX9N,tofino,sao paulo,8,28,4,5724,3213,1472231324,2,353
1153,U22K1SX9N,tofino,sao paulo,8,28,4,5724,3213,1472231409,2,353
1154,U22K1SX9N,tofino,sao paulo,8,28,4,5724,3213,1472231448,2,353
1155,U22K1SX9N,tofino,sao paulo,8,28,4,5724,3213,1472231448,2,353
1156,U22K1SX9N,tofino,sao paulo,8,28,4,5724,3213,1472231552,2,353
1157,U22K1SX9N,tofino,sao paulo,8,28,4,5724,3213,1472231553,2,353
1158,U22K1SX9N,tofino,sao paulo,8,28,4,5800,3213,1472231211,0,353
1159,U22K1SX9N,tofino,sao paulo,8,28,4,5000,3213,1472231212,0,353
1160,U22K1SX9N,tofino,sao paulo,8,28,4,5000,3213,1472231237,0,353
1161,U22K1SX9N,tofino,sao paulo,8,28,4,6000,3213,1472231267,2,353
1162,U22K1SX9N,tofino,sao paulo,8,28,4,6000,3213,1472231268,2,353
1163,U22K1SX9N,tofino,sao paulo,8,28,4,6000,3213,1472231275,2,353
1164,U22K1SX9N,tofino,sao paulo,8,28,4,5724,3213,1472231279,2,353
1165,U22K1SX9N,tofino,sao paulo,8,28,4,5724,3213,1472231322,2,353
1166,U22K1SX9N,tofino,sao paulo,8,28,4,5724,3213,1472231323,2,353
1167,U22K1SX9N,tofino,sao paulo,8,28,4,5724,3213,1472231323,2,353
1168,U22K1SX9N,tofino,sao paulo,8,28,4,5724,3213,1472231324,2,353
1169,U22K1SX9N,tofino,sao paulo,8,28,4,5724,3213,1472231409,2,353
1170,U22K1SX9N,tofino,sao paulo,8,28,4,5724,3213,1472231448,2,353
1171,U22K1SX9N,tofino,sao paulo,8,28,4,5724,3213,1472231448,2,353
1172,U22K1SX9N,tofino,sao paulo,8,28,4,5724,3213,1472231552,2,353
1173,U22K1SX9N,tofino,sao paulo,8,28,4,5724,3213,1472231553,2,353
1174,U22K1SX9N,tofino,sao paulo,8,28,4,5800,3213,1472231211,0,353
1175,U22K1SX9N,tofino,sao paulo,8,28,4,5000,3213,1472231212,0,353
1176,U22K1SX9N,tofino,sao paulo,8,28,4,5000,3213,1472231237,0,353
1177,U22K1SX9N,tofino,sao paulo,8,28,4,6000,3213,1472231267,2,353
1178,U22K1SX9N,tofino,sao paulo,8,28,4,6000,3213,1472231268,2,353
1179,U22K1SX9N,tofino,sao paulo,8,28,4,6000,3213,1472231275,2,353
1180,U22K1SX9N,tofino,sao paulo,8,28,4,5724,3213,1472231279,2,353
1181,U22K1SX9N,tofino,sao paulo,8,28,4,5724,3213,1472231322,2,353
1182,U22K1SX9N,tofino,sao paulo,8,28,4,5724,3213,1472231323,2,353
1183,U22K1SX9N,tofino,sao paulo,8,28,4,5724,3213,1472231323,2,353
1184,U22K1SX9N,tofino,sao paulo,8,28,4,5724,3213,1472231324,2,353
1185,U22K1SX9N,tofino,sao paulo,8,28,4,5724,3213,1472231409,2,353
1186,U22K1SX9N,tofino,sao paulo,8,28,4,5724,3213,1472231448,2,353
1187,U22K1SX9N,tofino,sao paulo,8,28,4,5724,3213,1472231448,2,353
1188,U22K1SX9N,tofino,sao paulo,8,28,4,5724,3213,1472231552,2,353
1189,U22K1SX9N,tofino,sao paulo,8,28,4,5724,3213,1472231553,2,353
1190,U22K1SX9N,tofino,sao paulo,8,28,4,5800,3213,1472231211,0,353
1191,U22K1SX9N,tofino,sao paulo,8,28,4,5000,3213,1472231212,0,353
1192,U22K1SX9N,tofino,sao paulo,8,28,4,5000,3213,1472231237,0,353
1193,U22K1SX9N,tofino,sao paulo,8,28,4,6000,3213,1472231267,2,353
1194,U22K1SX9N,tofino,sao paulo,8,28,4,6000,3213,1472231268,2,353
1195,U22K1SX9N,tofino,sao paulo,8,28,4,6000,3213,1472231275,2,353
1196,U22K1SX9N,tofino,sao paulo,8,28,4,5724,3213,1472231279,2,353
1197,U22K1SX9N,tofino,sao paulo,8,28,4,5724,3213,1472231322,2,353
1198,U22K1SX9N,tofino,sao paulo,8,28,4,5724,3213,1472231323,2,353
1199,U22K1SX9N,tofino,sao paulo,8,28,4,5724,3213,1472231323,2,353
1200,U22K1SX9N,tofino,sao paulo,8,28,4,5724,3213,1472231324,2,353
1201,U22K1SX9N,tofino,sao paulo,8,28,4,5724,3213,1472231409,2,353
1202,U22K1SX9N,tofino,sao paulo,8,28,4,5724,3213,1472231448,2,353
1203,U22K1SX9N,tofino,sao paulo,8,28,4,5724,3213,1472231448,2,353
1204,U22K1SX9N,tofino,sao paulo,8,28,4,5724,3213,1472231552,2,353
1205,U22K1SX9N,tofino,sao paulo,8,28,4,5724,3213,1472231553,2,353
1206,U22K1SX9N,tofino,sao paulo,8,28,4,5800,3213,1472231211,0,353
1207,U22K1SX9N,tofino,sao paulo,8,28,4,5000,3213,1472231212,0,353
1208,U22K1SX9N,tofino,sao paulo,8,28,4,5000,3213,1472231237,0,353
1209,U22K1SX9N,tofino,sao paulo,8,28,4,6000,3213,1472231267,2,353
1210,U22K1SX9N,tofino,sao paulo,8,28,4,6000,3213,1472231268,2,353
1211,U22K1SX9N,tofino,sao paulo,8,28,4,6000,3213,1472231275,2,353
1212,U22K1SX9N,tofino,sao paulo,8,28,4,5724,3213,1472231279,2,353
1213,U22K1SX9N,tofino,sao paulo,8,28,4,5724,3213,1472231322,2,353
1214,U22K1SX9N,tofino,sao paulo,8,28,4,5724,3213,1472231323,2,353
1215,U22K1SX9N,tofino,sao paulo,8,28,4,5724,3213,1472231323,2,353
1216,U22K1SX9N,tofino,sao paulo,8,28,4,5724,3213,1472231324,2,353
1217,U22K1SX9N,tofino,sao paulo,8,28,4,5724,3213,1472231409,2,353
1218,U22K1SX9N,tofino,sao paulo,8,28,4,5724,3213,1472231448,2,353
1219,U22K1SX9N,tofino,sao paulo,8,28,4,5724,3213,1472231448,2,353
1220,U22K1SX9N,tofino,sao paulo,8,28,4,5724,3213,1472231552,2,353
1221,U22K1SX9N,tofino,sao paulo,8,28,4,5724,3213,1472231553,2,353
1222,U22K1SX9N,tofino,sao paulo,8,28,4,5800,3213,1472231211,0,353
1223,U22K1SX9N,tofino,sao paulo,8,28,4,5000,3213,1472231212,0,353
1224,U22K1SX9N,tofino,sao paulo,8,28,4,5000,3213,1472231237,0,353
1225,U22K1SX9N,tofino,sao paulo,8,28,4,6000,3213,1472231267,2,353
1226,U22K1SX9N,tofino,sao paulo,8,28,4,6000,3213,1472231268,2,353
1227,U22K1SX9N,tofino,sao paulo,8,28,4,6000,3213,1472231275,2,353
1228,U22K1SX9N,tofino,sao paulo,8,28,4,5724,3213,1472231279,2,353
1229,U22K1SX9N,tofino,sao paulo,8,28,4,5724,3213,1472231322,2,353
1230,U22K1SX9N,tofino,sao paulo,8,28,4,5724,3213,1472231323,2,353
1231,U22K1SX9N,tofino,sao paulo,8,28,4,5724,3213,1472231323,2,353
1232,U22K1SX9N,tofino,sao paulo,8,28,4,5724,3213,1472231324,2,353
1233,U22K1SX9N,tofino,sao paulo,8,28,4,5724,3213,1472231409,2,353
1234,U22K1SX9N,tofino,sao paulo,8,28,4,5724,3213,1472231448,2,353
1235,U22K1SX9N,tofino,sao paulo,8,28,4,5724,3213,1472231448,2,353
1236,U22K1SX9N,tofino,sao paulo,8,28,4,5724,3213,1472231552,2,353
1237,U22K1SX9N,tofino,sao paulo,8,28,4,5724,3213,1472231553,2,353
1238,U22K1SX9N,tofino,sao paulo,8,28,4,5800,3213,1472231211,0,353
1239,U22K1SX9N,tofino,sao paulo,8,28,4,5000,3213,1472231212,0,353
1240,U22K1SX9N,tofino,sao paulo,8,28,4,5000,3213,1472231237,0,353
1241,U22K1SX9N,tofino,sao paulo,8,28,4,6000,3213,1472231267,2,353
1242,U22K1SX9N,tofino,sao paulo,8,28,4,6000,3213,1472231268,2,353
1243,U22K1SX9N,tofino,sao paulo,8,28,4,6000,3213,1472231275,2,353
1244,U22K1SX9N,tofino,sao paulo,8,28,4,5724,3213,1472231279,2,353
1245,U22K1SX9N,tofino,sao paulo,8,28,4,5724,3213,1472231322,2,353
1246,U22K1SX9N,tofino,sao paulo,8,28,4,5724,3213,1472231323,2,353
1247,U22K1SX9N,tofino,sao paulo,8,28,4,5724,3213,1472231323,2,353
1248,U22K1SX9N,tofino,sao paulo,8,28,4,5724,3213,1472231324,2,353
1249,U22K1SX9N,tofino,sao paulo,8,28,4,5724,3213,1472231409,2,353
1250,U22K1SX9N,tofino,sao paulo,8,28,4,5724,3213,1472231448,2,353
1251,U22K1SX9N,tofino,sao paulo,8,28,4,5724,3213,1472231448,2,353
1252,U22K1SX9N,tofino,sao paulo,8,28,4,5724,3213,1472231552,2,353
1253,U22K1SX9N,tofino,sao paulo,8,28,4,5724,3213,1472231553,2,353
1254,U22K1SX9N,tofino,sao paulo,8,28,4,5800,3213,1472231211,0,353
1255,U22K1SX9N,tofino,sao paulo,8,28,4,5000,3213,1472231212,0,353
1256,U22K1SX9N,tofino,sao paulo,8,28,4,5000,3213,1472231237,0,353
1257,U22K1SX9N,tofino,sao paulo,8,28,4,6000,3213,1472231267,2,353
1258,U22K1SX9N,tofino,sao paulo,8,28,4,6000,3213,1472231268,2,353
1259,U22K1SX9N,tofino,sao paulo,8,28,4,6000,3213,1472231275,2,353
1260,U22K1SX9N,tofino,sao paulo,8,28,4,5724,3213,1472231279,2,353
1261,U22K1SX9N,tofino,sao paulo,8,28,4,5724,3213,1472231322,2,353
1262,U22K1SX9N,tofino,sao paulo,8,28,4,5724,3213,1472231323,2,353
1263,U22K1SX9N,tofino,sao paulo,8,28,4,5724,3213,1472231323,2,353
1264,U22K1SX9N,tofino,sao paulo,8,28,4,5724,3213,1472231324,2,353
1265,U22K1SX9N,tofino,sao paulo,8,28,4,5724,3213,1472231409,2,353
1266,U22K1SX9N,tofino,sao paulo,8,28,4,5724,3213,1472231448,2,353
1267,U22K1SX9N,tofino,sao paulo,8,28,4,5724,3213,1472231448,2,353
1268,U22K1SX9N,tofino,sao paulo,8,28,4,5724,3213,1472231552,2,353
1269,U22K1SX9N,tofino,sao paulo,8,28,4,5724,3213,1472231553,2,353
1270,U22K1SX9N,tofino,sao paulo,8,28,4,5800,3213,1472231211,0,353
1271,U22K1SX9N,tofino,sao paulo,8,28,4,5000,3213,1472231212,0,353
1272,U22K1SX9N,tofino,sao paulo,8,28,4,5000,3213,1472231237,0,353
1273,U22K1SX9N,tofino,sao paulo,8,28,4,6000,3213,1472231267,2,353
1274,U22K1SX9N,tofino,sao paulo,8,28,4,6000,3213,1472231268,2,353
1275,U22K1SX9N,tofino,sao paulo,8,28,4,6000,3213,1472231275,2,353
1276,U22K1SX9N,tofino,sao paulo,8,28,4,5724,3213,1472231279,2,353
1277,U22K1SX9N,tofino,sao paulo,8,28,4,5724,3213,1472231322,2,353
1278,U22K1SX9N,tofino,sao paulo,8,28,4,5724,3213,1472231323,2,353
1279,U22K1SX9N,tofino,sao paulo,8,28,4,5724,3213,1472231323,2,353
1280,U22K1SX9N,tofino,sao paulo,8,28,4,5724,3213,1472231324,2,353
1281,U22K1SX9N,tofino,sao paulo,8,28,4,5724,3213,1472231409,2,353
1282,U22K1SX9N,tofino,sao paulo,8,28,4,5724,3213,1472231448,2,353
1283,U22K1SX9N,tofino,sao paulo,8,28,4,5724,3213,1472231448,2,353
1284,U22K1SX9N,tofino,sao paulo,8,28,4,5724,3213,1472231552,2,353
1285,U22K1SX9N,tofino,sao paulo,8,28,4,5724,3213,1472231553,2,353
1286,U22K1SX9N,tofino,sao paulo,8,28,4,5800,3213,1472231211,0,353
1287,U22K1SX9N,tofino,sao paulo,8,28,4,5000,3213,1472231212,0,353
1288,U22K1SX9N,tofino,sao paulo,8,28,4,5000,3213,1472231237,0,353
1289,U22K1SX9N,tofino,sao paulo,8,28,4,6000,3213,1472231267,2,353
1290,U22K1SX9N,tofino,sao paulo,8,28,4,6000,3213,1472231268,2,353
1291,U22K1SX9N,tofino,sao paulo,8,28,4,6000,3213,1472231275,2,353
1292,U22K1SX9N,tofino,sao paulo,8,28,4,5724,3213,1472231279,2,353
1293,U22K1SX9N,tofino,sao paulo,8,28,4,5724,3213,1472231322,2,353
1294,U22K1SX9N,tofino,sao paulo,8,28,4,5724,3213,1472231323,2,353
1295,U22K1SX9N,tofino,sao paulo,8,28,4,5724,3213,1472231323,2,353
1296,U22K1SX9N,tofino,sao paulo,8,28,4,5724,3213,1472231324,2,353
1297,U22K1SX9N,tofino,sao paulo,8,28,4,5724,3213,1472231409,2,353
1298,U22K1SX9N,tofino,sao paulo,8,28,4,5724,3213,1472231448,2,353
1299,U22K1SX9N,tofino,sao paulo,8,28,4,5724,3213,1472231448,2,353
1300,U22K1SX9N,tofino,sao paulo,8,28,4,5724,3213,1472231552,2,353
1301,U22K1SX9N,tofino,sao paulo,8,28,4,5724,3213,1472231553,2,353
1302,U22K1SX9N,tofino,sao paulo,8,28,4,5800,3213,1472231211,0,353
1303,U22K1SX9N,tofino,sao paulo,8,28,4,5000,3213,1472231212,0,353
1304,U22K1SX9N,tofino,sao paulo,8,28,4,5000,3213,1472231237,0,353
1305,U22K1SX9N,tofino,sao paulo,8,28,4,6000,3213,1472231267,2,353
1306,U22K1SX9N,tofino,sao paulo,8,28,4,6000,3213,1472231268,2,353
1307,U22K1SX9N,tofino,sao paulo,8,28,4,6000,3213,1472231275,2,353
1308,U22K1SX9N,tofino,sao paulo,8,28,4,5724,3213,1472231279,2,353
1309,U22K1SX9N,tofino,sao paulo,8,28,4,5724,3213,1472231322,2,353
1310,U22K1SX9N,tofino,sao paulo,8,28,4,5724,3213,1472231323,2,353
1311,U22K1SX9N,tofino,sao paulo,8,28,4,5724,3213,1472231323,2,353
1312,U22K1SX9N,tofino,sao paulo,8,28,4,5724,3213,1472231324,2,353
1313,U22K1SX9N,tofino,sao paulo,8,28,4,5724,3213,1472231409,2,353
1314,U22K1SX9N,tofino,sao paulo,8,28,4,5724,3213,1472231448,2,353
1315,U22K1SX9N,tofino,sao paulo,8,28,4,5724,3213,1472231448,2,353
1316,U22K1SX9N,tofino,sao paulo,8,28,4,5724,3213,1472231552,2,353
1317,U22K1SX9N,tofino,sao paulo,8,28,4,5724,3213,1472231553,2,353
1318,U22K1SX9N,tofino,sao paulo,8,28,4,5800,3213,1472231211,0,353
1319,U22K1SX9N,tofino,sao paulo,8,28,4,5000,3213,1472231212,0,353
1320,U22K1SX9N,tofino,sao paulo,8,28,4,5000,3213,1472231237,0,353
1321,U22K1SX9N,tofino,sao paulo,8,28,4,6000,3213,1472231267,2,353
1322,U22K1SX9N,tofino,sao paulo,8,28,4,6000,3213,1472231268,2,353
1323,U22K1SX9N,tofino,sao paulo,8,28,4,6000,3213,1472231275,2,353
1324,U22K1SX9N,tofino,sao paulo,8,28,4,5724,3213,1472231279,2,353
1325,U22K1SX9N,tofino,sao paulo,8,28,4,5724,3213,1472231322,2,353
1326,U22K1SX9N,tofino,sao paulo,8,28,4,5724,3213,1472231323,2,353
1327,U22K1SX9N,tofino,sao paulo,8,28,4,5724,3213,1472231323,2,353
1328,U22K1SX9N,tofino,sao paulo,8,28,4,5724,3213,1472231324,2,353
1329,U22K1SX9N,tofino,sao paulo,8,28,4,5724,3213,1472231409,2,353
1330,U22K1SX9N,tofino,sao paulo,8,28,4,5724,3213,1472231448,2,353
1331,U22K1SX9N,tofino,sao paulo,8,28,4,5724,3213,1472231448,2,353
1332,U22K1SX9N,tofino,sao paulo,8,28,4,5724,3213,1472231552,2,353
1333,U22K1SX9N,tofino,sao paulo,8,28,4,5724,3213,1472231553,2,353
1334,U22K1SX9N,tofino,sao paulo,8,28,4,5724,3213,1472231409,2,353
1335,U22K1SX9N,tofino,sao paulo,8,28,4,5724,3213,1472231448,2,353
1336,U22K1SX9N,tofino,sao paulo,8,28,4,5724,3213,1472231448,2,353
1337,U22K1SX9N,tofino,sao paulo,8,28,4,5724,3213,1472231552,2,353
1338,U22K1SX9N,tofino,sao paulo,8,28,4,5724,3213,1472231553,2,353
1339,U22K1SX9N,tofino,sao paulo,8,28,4,5724,3213,1472231409,2,353
1340,U22K1SX9N,tofino,sao paulo,8,28,4,5724,3213,1472231448,2,353
1341,U22K1SX9N,tofino,sao paulo,8,28,4,5724,3213,1472231448,2,353
1342,U22K1SX9N,tofino,sao paulo,8,28,4,5724,3213,1472231552,2,353
1343,U22K1SX9N,tofino,sao paulo,8,28,4,5724,3213,1472231553,2,353
1344,U22K1SX9N,tofino,sao paulo,8,28,4,5724,3213,1472231409,2,353
1345,U22K1SX9N,tofino,sao paulo,8,28,4,5724,3213,1472231448,2,353
1346,U22K1SX9N,tofino,sao paulo,8,28,4,5724,3213,1472231448,2,353
1347,U22K1SX9N,tofino,sao paulo,8,28,4,5724,3213,1472231552,2,353
1348,U22K1SX9N,tofino,sao paulo,8,28,4,5724,3213,1472231553,2,353
1349,U22K1SX9N,tofino,sao paulo,8,28,4,5724,3213,1472231409,2,353
1350,U22K1SX9N,tofino,sao paulo,8,28,4,5724,3213,1472231448,2,353
1351,U22K1SX9N,tofino,sao paulo,8,28,4,5724,3213,1472231448,2,353
1352,U22K1SX9N,tofino,sao paulo,8,28,4,5724,3213,1472231552,2,353
1353,U22K1SX9N,tofino,sao paulo,8,28,4,5724,3213,1472231553,2,353
1354,U22K1SX9N,tofino,sao paulo,8,28,4,5724,3213,1472231409,2,353
1355,U22K1SX9N,tofino,sao paulo,8,28,4,5724,3213,1472231448,2,353
1356,U22K1SX9N,tofino,sao paulo,8,28,4,5724,3213,1472231448,2,353
1357,U22K1SX9N,tofino,sao paulo,8,28,4,5724,3213,1472231552,2,353
1358,U22K1SX9N,tofino,sao paulo,8,28,4,5724,3213,1472231553,2,353
1359,U22K1SX9N,tofino,sao paulo,8,28,4,5724,3213,1472231409,2,353
1360,U22K1SX9N,tofino,sao paulo,8,28,4,5724,3213,1472231448,2,353
1361,U22K1SX9N,tofino,sao paulo,8,28,4,5724,3213,1472231448,2,353
1362,U22K1SX9N,tofino,sao paulo,8,28,4,5724,3213,1472231552,2,353
1363,U22K1SX9N,tofino,sao paulo,8,28,4,5724,3213,1472231553,2,353
1364,U22K1SX9N,tofino,sao paulo,8,28,4,5724,3213,1472231409,2,353
1365,U22K1SX9N,tofino,sao paulo,8,28,4,5724,3213,1472231448,2,353
1366,U22K1SX9N,tofino,sao paulo,8,28,4,5724,3213,1472231448,2,353
1367,U22K1SX9N,tofino,sao paulo,8,28,4,5724,3213,1472231552,2,353
1368,U22K1SX9N,tofino,sao paulo,8,28,4,5724,3213,1472231553,2,353
1369,U22K1SX9N,tofino,sao paulo,8,28,4,5724,3213,1472231409,2,353
1370,U22K1SX9N,tofino,sao paulo,8,28,4,5724,3213,1472231448,2,353
1371,U22K1SX9N,tofino,sao paulo,8,28,4,5724,3213,1472231448,2,353
1372,U22K1SX9N,tofino,sao paulo,8,28,4,5724,3213,1472231552,2,353
1373,U22K1SX9N,tofino,sao paulo,8,28,4,5724,3213,1472231553,2,353
1374,U22K1SX9N,tofino,sao paulo,8,28,4,5724,3213,1472231409,2,353
1375,U22K1SX9N,tofino,sao paulo,8,28,4,5724,3213,1472231448,2,353
1376,U22K1SX9N,tofino,sao paulo,8,28,4,5724,3213,1472231448,2,353
1377,U22K1SX9N,tofino,sao paulo,8,28,4,5724,3213,1472231552,2,353
1378,U22K1SX9N,tofino,sao paulo,8,28,4,5724,3213,1472231553,2,353
1379,U2709166N,tofino,sydney,9,8,1,2500,5000,1472676819,6,354
1380,U2709166N,tofino,sydney,9,8,1,2600,10000,1472676820,6,354
1381,U2709166N,tofino,sydney,9,8,1,2600,9000,1472676836,1,354
1382,U2709166N,tofino,sydney,9,8,1,4500,4000,1472676970,5,354
1383,U2709166N,tofino,sydney,9,8,1,4500,4000,1472676970,5,354
1384,U2709166N,tofino,sydney,9,8,1,4500,4000,1472676970,5,354
1385,U2709166N,tofino,sydney,9,8,1,4500,4000,1472676970,5,354
1386,U2709166N,tofino,sydney,9,8,1,4500,4000,1472676970,5,354
1387,U22HTHYNP,toronto,Mannheim,8,17,1,34300,3000,1471372283,7,355
1388,U22HTHYNP,toronto,Mexico City,8,17,1,5400,3500,1471372283,11,356
1389,U2709166N,toronto,Vancouver,9,6,1,19500,13000,1473698688,7,357
1390,U22HTHYNP,toronto,cairo,8,17,1,3000,0,1471372025,7,358
1391,U22HTHYNP,toronto,calgary,8,17,1,6000,1700,1471373001,4,359
1392,U22HTHYNP,toronto,la paz,8,17,1,5000,1700,1471372730,4,360
1393,U22HTHYNP,toronto,leon,8,17,1,5000,1700,1471372338,4,361
1394,U22HTHYNP,toronto,paris,8,17,1,6000,5000,1471372312,4,362
1395,U22HTHYNP,toronto,paris,8,17,1,6000,1700,1471372313,4,362
1396,U22HTHYNP,toronto,pittsburgh,8,17,1,2700,0,1471372201,7,363
1397,U22HTHYNP,toronto,porto alegre,8,17,1,6000,3213,1471373001,0,364
1398,U22HTHYNP,toronto,porto alegre,8,17,1,6000,3213,1471373001,0,364
1399,U2709166N,valencia,burlington,9,6,1,3600,1,1473699065,7,365
1400,U2709166N,valencia,burlington,9,6,1,4100,2000,1473699117,1,365
1401,U2709166N,valencia,burlington,9,6,1,4100,13000,1473699327,7,365
1402,U24V2QUKC,valencia,milan,9,2,1,2400,500,1472160011,5,366
1403,U21E41CQP,vancouver,Goiania,8,24,1,2100,3213,1471277679,0,367
1404,U21E41CQP,vancouver,Manaus,8,24,1,5724,3213,1471277708,0,368
1405,U21E41CQP,vancouver,Santso,8,24,1,5724,3213,1471277752,0,369
1406,U21E41CQP,vancouver,Santso,8,24,1,1900,3213,1471277752,0,369
1407,U24V2QUKC,vancouver,berlin,9,16,6,1200,13000,1472581401,1,370
1408,U21RP4FCY,vancouver,naples,8,13,1,3500,0,1471283860,11,371
1409,U21RP4FCY,vancouver,naples,8,13,1,4500,0,1471284070,11,371
1410,U21RP4FCY,vancouver,naples,8,13,1,4500,0,1471284123,11,371
1411,U22HTHYNP,vancouver,punta cana,8,13,3,6000,3213,1471291960,0,372
1412,U22HTHYNP,vancouver,punta cana,8,13,3,6000,3213,1471291960,0,372
1413,U22HTHYNP,vancouver,punta cana,8,13,3,6000,3213,1471291960,0,372
1414,U21E41CQP,vancouver,recife,8,24,1,12600,1700,1471277526,4,373
1415,U21E41CQP,vancouver,recife,8,24,1,5724,3213,1471278202,2,373
1416,U21E41CQP,vancouver,recife,8,24,1,5724,3213,1471278232,2,373
1417,U21E41CQP,vancouver,recife,8,24,1,5724,3213,1471278238,2,373
1418,U21E41CQP,vancouver,santos,8,24,1,2100,3213,1471277665,0,374
1419,U24V2QUKC,vitoria,porto alegre,9,15,1,5800,1000,1472235810,0,375
1420,U24V2QUKC,vitoria,porto alegre,9,15,1,5800,4000,1472235983,0,375
1421,U24V2QUKC,vitoria,santo domingo,9,15,1,3000,3213,1472236162,0,376
1422,U2709166N,washington,kingston,9,2,1,1700,5000,1472067442,1,377
1423,U2709166N,washington,kingston,9,2,1,1700,2000,1472067616,1,377
1424,U2709166N,washington,rome,9,2,1,7500,1000,1472067375,1,378
1425,U24V2QUKC,washington,sendai,9,1,1,1000,1,1472154228,1,379
1426,U24V2QUKC,washington,sendai,9,1,1,3300,500,1472154364,1,379
1427,U24V2QUKC,washington,sendai,9,1,1,2000,4000,1472154450,1,379
1428,U24V2QUKC,washington,sendai,9,1,1,2000,500,1472154452,1,379
1429,U24V2QUKC,washington,sendai,9,1,1,3300,4500,1472154605,1,379
1430,U24V2QUKC,washington,sendai,9,1,1,3500,4000,1472154678,1,379
